japanese,copies,id,en,score,ja_ex,ko,zh,action
煩わしい,8,1192,annoying,25,細かいルールは煩わしいです。,귀찮습니다,麻烦,KEEP
煩わしい,8,1491,annoying,25,宿題はとても煩わしいです。,귀찮습니다,烦人,DISCARD
煩わしい,8,1533,annoying,25,宿題はとても煩わしいです。,성가시다,烦人,DISCARD
煩わしい,8,1851,annoying,25,宿題はとても煩わしい。,귀찮다,烦人,DISCARD
煩わしい,8,1954,annoying,25,宿題はとても煩わしいです。,귀찮습니다,烦人,DISCARD
煩わしい,8,2080,annoying,25,細かいルールは煩わしいです。,번거롭습니다,烦人,DISCARD
煩わしい,8,2092,annoying,25,宿題はとても煩わしいです。,성가시다,烦人,DISCARD
煩わしい,8,5822,troublesome *DIFF*,25,毎日同じことで文句を言われるのは本当に煩わしい。,번거로운,麻烦,DISCARD
夥しい,6,1164,Numerous,25,夥しい数の星が見えます。,엄청나게,众多的,KEEP
夥しい,6,1534,Numerous,25,夥しい数の星が見えます。,엄청나게,无数,DISCARD
夥しい,6,1827,Numerous,25,夥しい数の星が見えます。,엄청나게,大量,DISCARD
夥しい,6,2040,huge *DIFF*,25,夥しい数の星が見えます。,엄청나게,大量,DISCARD
夥しい,6,2322,huge *DIFF*,25,夥しい数の星が見えます。,엄청나게,大量的,DISCARD
夥しい,6,2981,abundantly *DIFF*,25,その災害による犠牲者は夥しい数に上った。,풍부하게,丰富地,DISCARD
呆気ない,5,122,anticlimactically,25,試合は呆気なく終わった。,싱겁게,简单地,KEEP
呆気ない,5,1567,Unexpectedly quickly *DIFF*,25,試合は呆気なく終わった。,싱겁게,太轻易了,DISCARD
呆気ない,5,1830,Suddenly *DIFF*,25,試合は呆気なく終わった。,싱겁게,突然,DISCARD
呆気ない,5,2303,anticlimactically,25,試合は呆気なく終わった。,싱겁게,平淡,DISCARD
呆気ない,5,2618,not enough *DIFF*,25,優勝候補だったチームが、初戦で呆気なく敗退してしまった。,충분하지 않다,不够,DISCARD
逞しい,5,183,strong,25,彼は逞しい体をしている。,늠름한,强壮的,KEEP
逞しい,5,1566,strong,25,彼は逞しい体をしている。,늠름한,强壮的,DISCARD
逞しい,5,1835,strong,25,彼は逞しい体をしている。,늠름한,强壮的,DISCARD
逞しい,5,2302,strong,25,弟は逞しい体つきをしています。,늠름한,健壮的,DISCARD
逞しい,5,4425,burly *DIFF*,25,彼は厳しい訓練を乗り越え、逞しい体を手に入れた。,건장한,魁梧,DISCARD
見合わせる,5,1474,postpone,25,今日は雨なので、ピクニックを 見合わせる。,미루기로,取消了,KEEP
見合わせる,5,1953,refrain *DIFF*,25,今日は雨なので、出かけるのを見合わせる。,보류할게요,暂缓,DISCARD
見合わせる,5,2031,postpone,25,今日は雨なので、外出を 見合わせる。,미루겠습니다,暂缓,DISCARD
見合わせる,5,2263,postpone,25,今日は会議を見合わせることにしました。,보류하다,暂停,DISCARD
見合わせる,5,5508,to exchange glances *DIFF*,25,何かあったのかと、私たちは互いに顔を見合わせた。,눈빛을 교환하다,交换眼神,DISCARD
はらはら,5,1477,nervous,25,妹が初めての発表会で、はらはらしました。,조마조마,担心,KEEP
はらはら,5,1521,nervous,25,妹が綱渡りをするのを見て、はらはらしました。,조마조마,紧张的,DISCARD
はらはら,5,1907,anxious *DIFF*,25,妹が試験の結果を待っていて、私ははらはらしました。,조마조마했습니다,提心吊胆,DISCARD
はらはら,5,2328,nervous,25,彼女が試験の結果を待つ間、私ははらはらしました。,조마조마,紧张的,DISCARD
はらはら,5,2476,nervous,25,妹が綱渡りをしていて、はらはらした。,조마조마했다,提心吊胆,DISCARD
鬱陶しい,4,133,gloomy,25,梅雨の時期は毎日鬱陶しいです。,찌뿌둥해요,郁闷,KEEP
鬱陶しい,4,1720,gloomy,25,梅雨の時期は毎日鬱陶しいです。,우울합니다,烦闷,DISCARD
鬱陶しい,4,1859,gloomy,25,梅雨の時期は、毎日雨で鬱陶しいです。,답답합니다,郁闷,DISCARD
鬱陶しい,4,2825,gloomy,25,雨が続いていて、気分が少し鬱陶しいです。,우울한,阴沉,DISCARD
しぶとい,4,165,stubborn,25,このシミはしぶとい。,끈질기다,顽固,KEEP
しぶとい,4,1639,persistent *DIFF*,25,あの虫はしぶとい。,끈질기다,顽强,DISCARD
しぶとい,4,1833,persistent *DIFF*,25,あの虫はしぶとい。,끈질기다,顽强,DISCARD
しぶとい,4,3912,tenacious *DIFF*,25,彼は本当にしぶとい性格で、どんな困難にも決して諦めない。,끈질긴,坚韧的,DISCARD
容易い,4,187,Easy,25,この問題は容易いです。,쉽습니다,容易,KEEP
容易い,4,2097,easy,25,この問題は容易いです。,쉽습니다,很容易,DISCARD
容易い,4,2492,easy,25,この問題は容易いです。,쉽다,容易,DISCARD
容易い,4,4468,easy,25,この問題は私にとって非常に容易いことだ。,쉽다,容易,DISCARD
馴れ馴れしい,4,200,Familiar,25,彼は誰にでも馴れ馴れしい。,친한 척한다,随便,KEEP
馴れ馴れしい,4,1698,Familiar,25,彼は誰にでも馴れ馴れしい。,살갑게,随便,DISCARD
馴れ馴れしい,4,1854,Familiar,25,彼は誰にでも馴れ馴れしい。,친한 척한다,自来熟,DISCARD
馴れ馴れしい,4,4938,over-familiar *DIFF*,25,初対面の人にあまり馴れ馴れしい態度は失礼にあたる場合があります。,지나치게 친밀한,过于随便,DISCARD
爽やか,4,253,refreshing,25,朝は爽やかです。,상쾌함,清爽,KEEP
爽やか,4,1838,refreshing,25,朝は爽やかです。,상쾌함,清爽,DISCARD
爽やか,4,2084,refreshing,25,朝は爽やかです。,상쾌함,清爽,DISCARD
爽やか,4,3802,fresh *DIFF*,25,今朝の空気はとても爽やかだ。,신선한,新鲜,DISCARD
本気,4,287,Serious,25,私は本気です。,진심,认真,KEEP
本気,4,1297,Serious,25,私は本気です。,진심,认真的,DISCARD
本気,4,1797,Serious,25,私は本気です。,진심,认真,DISCARD
本気,4,5412,seriousness *DIFF*,25,彼が本気でやると言ったから、私も信じてみようと思う。,진지함,严肃性,DISCARD
罵る,4,431,scolds,25,先生は生徒を罵る。,꾸짖는다,责骂,KEEP
罵る,4,1812,scolds,25,先生は生徒を罵る。,욕한다,骂,DISCARD
罵る,4,2196,scolds,25,先生は生徒を罵る。,욕한다,骂,DISCARD
罵る,4,5019,to speak ill of *DIFF*,25,彼は人前で他人を罵るようなことはしない。,험담하다,说坏话,DISCARD
意図,4,666,intention,25,彼女は私を助ける意図がありました。,의도,意图,KEEP
意図,4,1616,intention,25,彼の意図は分かりません。,의도,意图,DISCARD
意図,4,2002,intention,25,先生は質問の意図を説明しました。,의도,意图,DISCARD
意図,4,2768,intention,25,彼の発言の真の意図を理解するのは難しかった。,의도,意图,DISCARD
心細い,4,913,lonely,25,一人で歩くのは心細いです。,불안합니다,没底,KEEP
心細い,4,1550,uneasy *DIFF*,25,一人で歩くのは心細いです。,불안합니다,感到心里不安,DISCARD
心細い,4,1856,lonely,25,一人で歩くのは心細いです。,불안합니다,没底,DISCARD
心細い,4,3641,helpless *DIFF*,25,一人で夜道を歩いていると、急に心細い気持ちになった。,무력한,无助的,DISCARD
切ない,4,919,sad,25,一人でいると、少し切ない。,안타까워요,难过,KEEP
切ない,4,1505,sad,25,一人でいると、少し切ない。,애틋해요,难过,DISCARD
切ない,4,1685,sad,25,一人でいると、少し切ない。,애달파,难过,DISCARD
切ない,4,4270,painful *DIFF*,25,遠く離れた故郷を思うと、心が切なくなる。,고통스러운,痛苦的,DISCARD
感心,4,935,impressed,25,彼女の努力に感心しました。,감탄,钦佩,KEEP
感心,4,936,impressed,25,彼の努力に感心しました。,감탄,钦佩,DISCARD
感心,4,1023,impressed,25,私は彼の努力に感心しました。,감동,钦佩,DISCARD
感心,4,1763,impressed,25,彼女の努力に感心しました。,감탄,钦佩,DISCARD
中毒,4,1129,addicted,25,私はゲームに中毒です。,중독,瘾,KEEP
中毒,4,1794,addicted,25,私はゲーム中毒です。,중독,瘾,DISCARD
中毒,4,2184,addicted,25,私はゲーム中毒です。,중독,瘾,DISCARD
中毒,4,4555,poisoning *DIFF*,25,彼は古い食べ物を食べたため、深刻な食物中毒を起こした。,중독,中毒,DISCARD
浅ましい,4,1157,despicable,25,お金のために嘘をつくのは浅ましいです。,천박합니다,卑鄙的,KEEP
浅ましい,4,1855,despicable,25,お金に執着する姿は浅ましい。,추하다,卑鄙,DISCARD
浅ましい,4,2038,despicable,25,彼はお金を盗むなんて、浅ましい人だ。,비열한,卑鄙,DISCARD
浅ましい,4,2599,wretched *DIFF*,25,他人の不幸を喜ぶとは、なんて浅ましい人間だ。,비참한,悲惨的,DISCARD
望ましい,4,1181,desirable,25,静かな場所が望ましいです。,바람직합니다,理想,KEEP
望ましい,4,1578,desirable,25,静かな場所が望ましいです。,바람직합니다,理想,DISCARD
望ましい,4,1863,desirable,25,静かな場所が望ましいです。,바람직합니다,理想,DISCARD
望ましい,4,5015,desirable,25,健康的な生活習慣を身につけることは、誰にとっても望ましい。,바람직하다,可取的,DISCARD
挑む,4,1215,Challenge,25,彼は難しい問題に挑む。,도전한다,挑战,KEEP
挑む,4,1775,Challenge,25,新しい仕事に挑む。,도전한다,挑战,DISCARD
挑む,4,2032,Challenge,25,彼は難しい問題に挑む。,도전한다,挑战,DISCARD
挑む,4,2772,to challenge *DIFF*,25,彼は常に新しいことに挑むことを恐れない。,도전하다,挑战,DISCARD
苦情,4,1271,complaint,25,サービスに苦情があります。,불만,投诉,KEEP
苦情,4,1757,complained *DIFF*,25,うるさいので、苦情を言いました。,불만을,投诉,DISCARD
苦情,4,2006,complaint,25,ホテルに苦情を言いました。,불만,投诉,DISCARD
苦情,4,2281,complaint,25,ホテルに苦情を言いました。,불만,投诉,DISCARD
愚痴,4,1273,complaining,25,彼はいつも愚痴を言っています。,불평,发牢骚,KEEP
愚痴,4,1788,complaining,25,彼はいつも愚痴を言っています。,불평,发牢骚,DISCARD
愚痴,4,1986,complains *DIFF*,25,彼はいつも愚痴を言う。,불평,抱怨,DISCARD
愚痴,4,3456,idle complaint *DIFF*,25,彼はいつも仕事の愚痴ばかり言っている。,쓸데없는 불평,无谓的抱怨,DISCARD
拒否,4,1315,refused,25,彼は申し出を拒否した。,거부,拒绝,KEEP
拒否,4,2064,refused,25,彼女は彼の申し出を拒否した。,거절,拒绝,DISCARD
拒否,4,2070,rejected *DIFF*,25,彼は申し出を拒否した。,거부,拒绝,DISCARD
拒否,4,3368,denial *DIFF*,25,政府はその改革案の受け入れを拒否した。,부인,否认,DISCARD
背景,4,1345,background,25,この絵の背景は青いです。,배경,背景,KEEP
背景,4,1471,background,25,この絵の背景は青いです。,배경,背景,DISCARD
背景,4,1734,background,25,この写真の背景はきれいです。,배경,背景,DISCARD
背景,4,5032,background,25,この絵の背景には、美しい山々が描かれています。,배경,背景,DISCARD
著しい,4,1361,remarkably,25,彼の日本語は著しく上達しました。,현저하게,显著,KEEP
著しい,4,1858,remarkably,25,彼の日本語は著しく上達しました。,눈에 띄게,显著的,DISCARD
著しい,4,2036,remarkably,25,彼の日本語は著しく上達しました。,현저하게,显著,DISCARD
著しい,4,2742,remarkable *DIFF*,25,彼のたゆまぬ努力により、会社の業績は著しい成長を遂げた。,놀라운,非凡的,DISCARD
気障,4,1380,pretentious,25,彼はいつも気障なことを言います。,거들먹거리는,装模作样,KEEP
気障,4,1842,affected *DIFF*,25,彼は気障な話し方をする。,거들먹거리는,做作,DISCARD
気障,4,2224,affected *DIFF*,25,彼はいつも気障な話し方をする。,거들먹거리는,做作,DISCARD
気障,4,3274,affectation *DIFF*,25,彼の気障な態度は周りの人に不快感を与えた。,가식,做作,DISCARD
質素,4,1383,simple,25,彼女は質素な生活をしています。,검소한,简朴,KEEP
質素,4,1771,simple,25,彼女は質素な生活をしています。,검소,朴素,DISCARD
質素,4,2305,simple,25,彼女は質素な生活を送っています。,검소한,朴素,DISCARD
質素,4,3891,simplicity *DIFF*,25,彼女は質素な生活を送っている。,단순함,简单,DISCARD
謝る,4,1390,apologize,25,ごめんなさい、謝ります。,사과드립니다,道歉,KEEP
謝る,4,1606,apologize,25,ごめんなさいと謝る。,사과해요,道歉,DISCARD
謝る,4,1782,apologize,25,ごめんなさい、謝ります。,사과드립니다,道歉,DISCARD
謝る,4,2034,apologize,25,ごめんなさいと謝る。,사과해요,道歉,DISCARD
手際,4,1513,efficiently,25,彼女は手際よく料理を作ります。,솜씨,利索,KEEP
手際,4,1795,skillful *DIFF*,25,彼女は手際が良いです。,솜씨,熟练,DISCARD
手際,4,2223,skillfully *DIFF*,25,彼女は手際よく料理を作ります。,솜씨,熟练地,DISCARD
手際,4,4681,performance *DIFF*,25,彼女は料理の手際がとても良い。,공연,演出,DISCARD
軒並み,4,1536,all,25,台風で木が軒並み倒れました。,모두,全部,KEEP
軒並み,4,1767,across the board *DIFF*,25,台風で木が軒並み倒れました。,모조리,全面,DISCARD
軒並み,4,2310,all,25,台風で木が軒並み倒れました。,모조리,全部,DISCARD
軒並み,4,5013,row of houses *DIFF*,25,海辺の軒並みが夕日に照らされて美しかった。,주택열,一排房子,DISCARD
辛うじて,4,1537,barely,25,辛うじて間に合った。,간신히,勉强,KEEP
辛うじて,4,1882,barely,25,辛うじて電車に間に合った。,간신히,仅仅,DISCARD
辛うじて,4,2109,barely,25,辛うじて間に合った。,간신히,仅仅,DISCARD
辛うじて,4,3161,barely,25,彼は試験に辛うじて合格した。,겨우,勉强,DISCARD
覆す,4,1718,Overturn,25,彼は前の発言を覆す。,뒤집는다,推翻,KEEP
覆す,4,1784,Overturn,25,彼は前の発言を覆す。,뒤집었다,推翻,DISCARD
覆す,4,2290,Overturn,25,彼は前の発言を覆した。,뒤집었다,推翻,DISCARD
覆す,4,3440,to overturn *DIFF*,25,彼は判決を覆すために控訴した。,뒤집다,推翻,DISCARD
うんざり,4,1874,fed up,25,毎日同じものを食べるのはうんざりです。,지긋지긋,厌烦,KEEP
うんざり,4,2102,tired *DIFF*,25,毎日同じものを食べるのはうんざりです。,지긋지긋해요,厌倦了,DISCARD
うんざり,4,2327,fed up,25,毎日同じものを食べて、うんざりです。,지긋지긋,厌烦,DISCARD
うんざり,4,2853,tedious *DIFF*,25,彼の長話にはうんざりした。,지루한,繁琐,DISCARD
忠告,3,17,advice,25,先生は生徒に忠告しました。,충고했습니다,忠告了,KEEP
忠告,3,1614,advice,25,友達の忠告を聞いてください。,충고,忠告,DISCARD
忠告,3,4547,advice,25,彼の忠告はいつも的確で、非常に役立つ。,조언,建议,DISCARD
突破,3,44,broke through,25,彼は困難を突破した。,돌파했다,突破了,KEEP
突破,3,1422,broke through,25,彼は困難を突破した。,돌파,突破,DISCARD
突破,3,4790,breaking through *DIFF*,25,チームは苦戦の末、ついに予選を突破した。,돌파,突破,DISCARD
白状,3,54,confessed,25,彼は罪を白状した。,자백했다,坦白了,KEEP
白状,3,1995,confessed,25,警察に白状しました。,자백,坦白,DISCARD
白状,3,5057,confession *DIFF*,25,彼はついに自分の罪を白状した。,고백,坦白,DISCARD
侮辱,3,71,insulted,25,彼は私を侮辱した。,모욕했다,侮辱,KEEP
侮辱,3,2280,insult *DIFF*,25,彼は彼女を侮辱した。,모욕,侮辱,DISCARD
侮辱,3,5298,insult *DIFF*,25,彼の発言は私に対する侮辱だと感じた。,모욕,侮辱,DISCARD
没収,3,90,confiscated,25,先生は生徒の携帯電話を没収しました。,몰수했습니다,没收了,KEEP
没収,3,1511,confiscated,25,先生は私の漫画を没収しました。,몰수,没收,DISCARD
没収,3,5435,forfeited *DIFF*,25,違法な薬物は警察によって没収された。,몰수된,没收,DISCARD
冷淡,3,114,cold,25,彼女は彼に冷淡だった。,냉담,冷淡,KEEP
冷淡,3,2087,cold,25,彼女は彼に冷淡です。,냉담,冷淡,DISCARD
冷淡,3,5798,coolness *DIFF*,25,彼は会議中も常に冷淡な態度を崩さなかった。,냉담함,冷淡,DISCARD
素っ気ない,3,181,cold,25,彼女はいつも素っ気ない。,쌀쌀맞다,冷淡,KEEP
素っ気ない,3,2043,curt *DIFF*,25,彼女はいつも素っ気ない。,쌀쌀맞다,冷淡,DISCARD
素っ気ない,3,4351,cold,25,彼が私に素っ気ない返事をしたので、少し寂しい気持ちになった。,차가운,冷,DISCARD
とんでもない,3,195,no way,25,それはとんでもない間違いです。,터무니없는,离谱的,KEEP
とんでもない,3,1829,terrible *DIFF*,25,それはとんでもない間違いです。,말도,离谱,DISCARD
とんでもない,3,2116,null *DIFF*,25,とんでもない間違いをしてしまいました。,null,null,DISCARD
馬鹿馬鹿しい,3,204,Ridiculous,25,そんな言い訳は馬鹿馬鹿しい。,어리석다,荒谬的,KEEP
馬鹿馬鹿しい,3,1722,Ridiculous,25,そんな話は馬鹿馬鹿しい。,터무니없다,荒谬的,DISCARD
馬鹿馬鹿しい,3,5135,stupid *DIFF*,25,そんな馬鹿馬鹿しい話は信じられない。,바보 같은,愚蠢,DISCARD
相応しい,3,211,Suitable,25,彼にはこの仕事が相応しいです。,어울리다,合适的,KEEP
相応しい,3,1518,Suitable,25,彼にはその仕事が相応しいです。,적합합니다,合适的,DISCARD
相応しい,3,5254,appropriate *DIFF*,25,彼はこの重要な役割に相応しい人物だ。,적절한,适当,DISCARD
もどかしい,3,228,Frustrated,25,言葉がうまく伝えられなくて、もどかしい。,답답하다,令人沮丧,KEEP
もどかしい,3,1852,frustrated,25,言葉が足りなくて、もどかしい気持ちです。,답답한,着急,DISCARD
もどかしい,3,2320,Frustrating *DIFF*,25,言葉がうまく伝えられなくて、もどかしい。,답답하다,让人着急,DISCARD
健気,3,250,brave,25,彼女は健気に頑張っています。,"기특함,갸륵함",坚强地,KEEP
健気,3,1870,brave,25,彼女は健気に頑張っています。,씩씩하게,坚强地,DISCARD
健気,3,2325,valiantly *DIFF*,25,彼女は健気に頑張っています。,씩씩하게,坚强地,DISCARD
欺く,3,312,deceived,25,彼は嘘をついて私を欺いた。,속였다,欺骗,KEEP
欺く,3,2028,deceived,25,彼は嘘をついて私を欺いた。,속였다,欺骗,DISCARD
欺く,3,2601,to deceive *DIFF*,25,彼は友人を欺いて金を奪った。,속이다,欺骗,DISCARD
保つ,3,400,maintain,25,健康を保つために、毎日運動します。,유지하기,保持,KEEP
保つ,3,1473,maintain,25,健康を保つために、毎日運動します。,유지하기,保持,DISCARD
保つ,3,4467,to keep *DIFF*,25,良い状態を保つために、定期的なメンテナンスが必要です。,유지하다,保持,DISCARD
呟く,3,412,whispers,25,猫は静かに呟く。,속삭인다,嘟囔着,KEEP
呟く,3,2225,murmurs *DIFF*,25,彼女は一人で何かを呟く。,중얼거린다,嘟囔着,DISCARD
呟く,3,4639,to mutter *DIFF*,25,彼は何か独り言を呟いていた。,중얼거리다,嘟囔,DISCARD
貫く,3,413,sticks,25,彼は自分の信じる道を貫く。,관철한다,坚持,KEEP
貫く,3,1576,sticks to *DIFF*,25,彼は自分の信じる道を貫く。,관철한다,坚持,DISCARD
貫く,3,4652,to go through *DIFF*,25,彼は自分の信念を貫いた。,통과하다,穿过,DISCARD
賑わう,3,423,Bustling,25,お祭りで町が賑わう。,붐비다,热闹,KEEP
賑わう,3,2235,Bustling,25,お祭りで、町が賑わう。,활기차다,热闹,DISCARD
賑わう,3,4952,to prosper *DIFF*,25,このお祭りは毎年多くの人で賑わう。,번성하다,繁荣,DISCARD
滲む,3,426,bleed,25,インクが紙に滲む。,번진다,渗入,KEEP
滲む,3,2207,bleed,25,インクが紙に滲む。,번진다,渗开,DISCARD
滲む,3,4959,to run *DIFF*,25,インクが紙に滲んだ。,흐르다,流,DISCARD
弾む,3,436,bounce,25,ボールがよく弾む。,튀어,弹,KEEP
弾む,3,1752,bounce,25,ボールがよく弾む。,튕긴다,弹,DISCARD
弾む,3,5074,to spring *DIFF*,25,ボールが地面で楽しげに弾む。,뛰어오르다,弹跳,DISCARD
控える,3,439,Refrain,25,甘いものを控える。,자제하겠다,控制,KEEP
控える,3,1849,Refrain,25,甘いものを控える。,자제하겠다,控制,DISCARD
控える,3,5156,to draw in *DIFF*,25,健康のために、甘いものを控えている。,짧아지다,缩短,DISCARD
円満,3,669,harmonious,25,家族と円満な関係を築きたいです。,원만,圆满,KEEP
円満,3,1526,harmonious,25,家族と円満な関係を築きたいです。,원만,圆满,DISCARD
円満,3,2889,perfection *DIFF*,25,二人は話し合いで円満な解決を見つけた。,완벽,完美,DISCARD
完璧,3,684,perfect,25,彼の日本語は完璧です。,완벽,完美,KEEP
完璧,3,2194,perfect,25,彼女は完璧な人です。,완벽,完美,DISCARD
完璧,3,3202,perfection *DIFF*,25,彼のプレゼンテーションは内容も話し方も完璧だった。,완벽,完美,DISCARD
拒絶,3,698,rejected,25,彼らは私の提案を拒絶した。,거절,拒绝,KEEP
拒絶,3,2071,rejected,25,彼女は彼の申し出を拒絶した。,거절,拒绝,DISCARD
拒絶,3,3367,refusal *DIFF*,25,彼は私の提案をきっぱりと拒絶した。,거절,拒绝,DISCARD
軽率,3,711,Careless,25,軽率な行動は避けるべきです。,경솔,轻率,KEEP
軽率,3,2200,careless,25,軽率な行動は避けるべきです。,경솔,轻率,DISCARD
軽率,3,3480,rash *DIFF*,25,彼の軽率な発言が会議を混乱させた。,경솔한,草率,DISCARD
交付,3,724,Issue,25,市役所でパスポートが交付されました。,교부,交付,KEEP
交付,3,2201,Issue,25,市役所は私に免許証を交付しました。,교부,交付,DISCARD
交付,3,3612,delivering *DIFF*,25,運転免許証が先日交付されました。,교부,交付,DISCARD
辞退,3,743,decline,25,私はその申し出を辞退します。,사퇴,谢绝,KEEP
辞退,3,1585,decline,25,私はその申し出を辞退します。,사퇴,拒绝,DISCARD
辞退,3,4095,refusal *DIFF*,25,彼は個人的な理由でその役職を辞退した。,거절,拒绝,DISCARD
親善,3,774,friendly,25,私たちは親善試合をしました。,친선,友谊赛,KEEP
親善,3,2220,friendship *DIFF*,25,私たちは親善のためにテニスをしました。,친선,友谊,DISCARD
親善,3,4056,friendship *DIFF*,25,文化交流を通じて、二国間の親善が深まりました。,우정,友谊,DISCARD
始末,3,812,settled,25,彼は事件の始末をつけた。,시말,处理,KEEP
始末,3,1790,aftermath *DIFF*,25,彼は事件の始末をつけた。,시말,处理,DISCARD
始末,3,3920,management *DIFF*,25,彼は会社の財政の始末に苦慮していた。,관리,管理,DISCARD
見方,3,839,viewpoint,25,私と彼女は見方が違います。,견해,看法,KEEP
見方,3,2422,viewpoint,25,私と彼女は見方が違います。,관점,看法,DISCARD
見方,3,5514,viewpoint,25,その問題に対する彼の見方は他の人とは異なっていた。,관점,观点,DISCARD
強制,3,855,force,25,先生は生徒に宿題を強制しません。,강요,强制,KEEP
強制,3,1560,force,25,学校は生徒にクラブ活動を強制しません。,강요,强迫,DISCARD
強制,3,3353,obligation *DIFF*,25,彼は会議への参加を強制された。,의무,义务,DISCARD
誘惑,3,899,temptation,25,甘いものの誘惑に負けた。,유혹,诱惑,KEEP
誘惑,3,1603,temptation,25,甘い誘惑に負けないで。,유혹,诱惑,DISCARD
誘惑,3,5702,temptation,25,彼女はお金の誘惑に負けてしまった。,유혹,诱惑,DISCARD
抑制,3,900,suppress,25,咳を抑制するために、薬を飲みます。,억제,抑制,KEEP
抑制,3,1604,control *DIFF*,25,政府はインフレを抑制しようとしています。,억제,抑制,DISCARD
抑制,3,5734,suppression *DIFF*,25,政府はインフレを抑制するために新たな経済政策を導入した。,억제,抑制,DISCARD
目覚ましい,3,928,remarkable,25,彼の英語の進歩は目覚ましいです。,놀랍습니다,显著,KEEP
目覚ましい,3,1723,remarkable,25,彼の進歩は目覚ましい。,놀랍습니다,显著的,DISCARD
目覚ましい,3,2246,remarkable,25,彼の進歩は目覚ましいです。,눈부십니다,显著的,DISCARD
手順,3,1044,steps,25,料理の作り方の手順を教えてください。,방법,步骤,KEEP
手順,3,1693,procedure *DIFF*,25,料理の手順を教えてください。,순서,步骤,DISCARD
手順,3,4682,process *DIFF*,25,新しいソフトウェアのインストール手順を教えてください。,과정,过程,DISCARD
本音,3,1066,True feelings,25,友達に本音を話しました。,속마음,真心话,KEEP
本音,3,1738,True feelings,25,友達に本音を話しました。,속마음,真心话,DISCARD
本音,3,5415,real intention *DIFF*,25,彼はついに本音を明かした。,진정한 의도,真实意图,DISCARD
圧迫,3,1079,tight,25,服が少し圧迫します。,압박,压迫感,KEEP
圧迫,3,1630,constricting *DIFF*,25,服が少し圧迫する。,압박,压迫,DISCARD
圧迫,3,2621,pressure *DIFF*,25,経済的な圧迫が彼の会社を苦しめている。,압력,压力,DISCARD
緊急,3,1096,emergency,25,緊急です！,긴급,紧急情况,KEEP
緊急,3,1559,emergency,25,緊急です！,긴급,紧急情况,DISCARD
緊急,3,3386,urgent *DIFF*,25,緊急の連絡が入りました。,긴급한,紧急,DISCARD
適応,3,1133,adapt,25,新しい生活に早く適応したいです。,적응,适应,KEEP
適応,3,1459,adapt,25,新しい学校に早く適応したいです。,적응,适应,DISCARD
適応,3,4678,adaptation *DIFF*,25,多くの動物は、厳しい冬の寒さに適応するために毛皮を厚くする。,적응,适应,DISCARD
卑しい,3,1160,greedy,25,彼はお金に卑しい。,욕심,卑鄙,KEEP
卑しい,3,1861,greedy,25,彼はお金に卑しい。,비굴하다,卑鄙,DISCARD
卑しい,3,2781,greedy,25,彼の卑しい欲求は際限がなかった。,탐욕스러운,贪婪,DISCARD
だらしない,3,1175,Sloppy,25,彼はだらしない格好をしています。,칠칠맞지못하다,邋遢,KEEP
だらしない,3,1850,sloppily *DIFF*,25,彼はだらしない格好をしています。,칠칠맞지못하다,邋遢,DISCARD
だらしない,3,1975,Sloppy,25,彼はだらしない格好をしています。,칠칠맞지못하다,邋遢,DISCARD
収まる,3,1221,fit,25,本が棚に収まる。,수습되다,合身,KEEP
収まる,3,2293,fit,25,本が棚に収まる。,들어간다,合身,DISCARD
収まる,3,2931,to be obtained *DIFF*,25,嵐が収まるのを待つしかない。,얻어지다,被获得,DISCARD
拘る,3,1227,particular,25,私は朝ごはんに拘ります。,신경을 많이 씁니다,讲究,KEEP
拘る,3,1502,particular,25,私は朝ご飯にパンに拘ります。,신경을 씁니다,讲究,DISCARD
拘る,3,1808,particular,25,私は細かい事に拘る。,신경을 많이 쓴다,拘泥于,DISCARD
拒む,3,1228,refuse,25,彼らはその提案を拒んだ。,거부,拒绝,KEEP
拒む,3,1777,refuse,25,彼女は彼の申し出を拒んだ。,거절했다,拒绝,DISCARD
拒む,3,2029,refuse,25,彼女は彼の申し出を拒んだ。,거절했다,拒绝,DISCARD
募る,3,1234,Recruit,25,ボランティアを募る。,모집하다,招募,KEEP
募る,3,2027,Recruit,25,ボランティアを募る。,모집하다,招募,DISCARD
募る,3,4637,to invite *DIFF*,25,イベントのためにボランティアを募っています。,초대하다,邀请,DISCARD
養う,3,1253,raise,25,私は犬を養う。,길러요,养,KEEP
養う,3,2269,raise,25,私は犬を養う。,기른다,养,DISCARD
養う,3,5660,to rear *DIFF*,25,彼は家族を養うために一生懸命働いている。,기르다,抚养,DISCARD
緩める,3,1255,loosen,25,ねじを少し緩める。,풀다,松开,KEEP
緩める,3,1531,loosen,25,ベルトを少し緩める。,풀다,放松,DISCARD
緩める,3,5710,to loosen *DIFF*,25,ネクタイを少し緩めてください。,풀다,松开,DISCARD
間柄,3,1258,relationship,25,彼らは友達の間柄です。,관계,关系,KEEP
間柄,3,1996,relationship,25,彼らは友達の間柄です。,관계,关系,DISCARD
間柄,3,2567,relation(ship) *DIFF*,25,彼らの間柄は、親友と呼べるほど親密だった。,관계,关系,DISCARD
口調,3,1272,tone,25,彼女の口調は優しいです。,말투,口气,KEEP
口調,3,1758,tone,25,彼女の口調は優しいです。,말투,语气,DISCARD
口調,3,2275,tone,25,彼の口調は優しいです。,말투,口气,DISCARD
気配,3,1275,Presence,25,猫がいる気配がします。,기척,气息,KEEP
気配,3,1769,Presence,25,部屋に誰かの気配がする。,기척,气息,DISCARD
気配,3,3303,indication *DIFF*,25,彼の様子から、何か秘密がある気配がした。,징후,迹象,DISCARD
一切,3,1306,anything,25,私は一切知りません。,일절,一概,KEEP
一切,3,1766,anything,25,私は一切食べません。,일절,什么,DISCARD
一切,3,2756,all *DIFF*,25,一切の質問に答えます。,모든,所有,DISCARD
交渉,3,1323,negotiated,25,私たちは価格の交渉をしました。,협상,谈判,KEEP
交渉,3,1562,negotiated,25,私たちは価格について交渉しました。,협상,谈判,DISCARD
交渉,3,3586,negotiations *DIFF*,25,会社との給与について交渉する予定です。,협상,谈判,DISCARD
厳めしい,3,1359,stern,25,先生は厳めしい顔をしています。,엄한,严肃,KEEP
厳めしい,3,1831,stern,25,先生はいつも厳めしい顔をしています。,엄한,板着脸,DISCARD
厳めしい,3,2319,stern,25,先生はいつも厳めしい顔をしています。,엄한,板着脸,DISCARD
潔い,3,1360,frankly,25,彼は潔く罪を認めました。,깨끗하게,坦率地,KEEP
潔い,3,1822,manfully *DIFF*,25,彼は潔く負けを認めた。,쿨하게,干脆地,DISCARD
潔い,3,2237,gracefully *DIFF*,25,彼は潔く負けを認めた。,깨끗하게,干脆地,DISCARD
乏しい,3,1368,little,25,経験が乏しいです。,부족,不足,KEEP
乏しい,3,1504,scarce *DIFF*,25,私のお金は乏しいです。,부족합니다,很少,DISCARD
乏しい,3,4806,meagre *DIFF*,25,その国の天然資源は乏しく、輸入に大きく依存している。,빈약한,微薄,DISCARD
鮮やか,3,1377,vivid,25,花は鮮やかです。,선명,鲜艳,KEEP
鮮やか,3,2179,vivid,25,花の色は鮮やかです。,선명합니다,鲜艳,DISCARD
鮮やか,3,2602,vivid,25,彼女が描いた花の絵は、その色使いがとても鮮やかだった。,생생한,生动的,DISCARD
几帳面,3,1381,Meticulous,25,田中さんは几帳面な人です。,꼼꼼한,一丝不苟,KEEP
几帳面,3,1869,Meticulous,25,田中さんは几帳面な人です。,꼼꼼한,一丝不苟,DISCARD
几帳面,3,3292,methodical *DIFF*,25,彼はとても几帳面な人で、いつも計画通りに物事を進めます。,체계적인,有条不紊,DISCARD
侮る,3,1388,underestimate,25,弱い相手を侮るな。,얕보지,轻视,KEEP
侮る,3,1847,underestimate,25,弱いチームを侮るな。,얕보지,轻视,DISCARD
侮る,3,2265,looks down on *DIFF*,25,彼は相手を侮る。,얕본다,轻视,DISCARD
遮る,3,1402,Block,25,木が太陽を遮る。,가린다,遮挡,KEEP
遮る,3,2025,Block,25,木が光を遮る。,가린다,挡,DISCARD
遮る,3,3749,to interrupt *DIFF*,25,彼は私の話を遮った。,방해하다,打断,DISCARD
緩む,3,1418,loosen,25,ネジが緩む。,풀리다,松了,KEEP
緩む,3,1813,loosen,25,ねじが緩む。,풀리다,松,DISCARD
緩む,3,5709,to become loose *DIFF*,25,ネジが緩むと機械の故障の原因になることがあります。,느슨해지다,变松,DISCARD
安静,3,1421,rest,25,病院で安静にしてください。,안정,休息,KEEP
安静,3,1676,rest,25,病院では安静にしてください。,안정,安静,DISCARD
安静,3,2678,rest,25,医者は彼にしばらく安静にするように言った。,휴식,休息,DISCARD
予め,3,1449,in advance,25,予め、電話で予約してください。,미리,事先,KEEP
予め,3,1724,in advance,25,予め、準備してください。,미리,提前,DISCARD
予め,3,2654,beforehand *DIFF*,25,会議の前に、資料を予め読んでおいてください。,미리,事先,DISCARD
発足,3,1452,Launch,25,新しいチームが発足しました。,발족,成立,KEEP
発足,3,2231,Launch,25,新しいチームが発足しました。,발족,成立,DISCARD
発足,3,5083,starting *DIFF*,25,新しいプロジェクトは来月発足します。,시작,开始,DISCARD
ぼやける,3,1461,Blurry,25,メガネがなくて、字がぼやける。,흐릿하게,模糊,KEEP
ぼやける,3,1717,Blurry,25,めがねがないと、字がぼやける。,흐릿해져요,模糊,DISCARD
ぼやける,3,5440,to become dim *DIFF*,25,目が疲れてきて、画面の文字がぼやけて見えにくい。,희미해지다,变暗,DISCARD
キャリア,3,1465,Career,25,彼女は長いキャリアを持っています。,경력,职业,KEEP
キャリア,3,1743,Career,25,彼女は長いキャリアを持っています。,경력,职业,DISCARD
キャリア,3,5874,career,25,彼女はIT業界で素晴らしいキャリアを築いた。,커리어,职业生涯,DISCARD
清々しい,3,1475,Refreshing,25,朝は清々しいです。,상쾌하다,令人神清气爽,KEEP
清々しい,3,1721,Refreshing,25,朝は空気がすが清々しいです。,상쾌합니다,清新,DISCARD
清々しい,3,2041,refreshing,25,朝の空気は清々しいです。,상쾌합니다,令人神清气爽,DISCARD
てっきり,3,1478,sure,25,てっきり彼は来ないと思いました。,당연히,一直以为,KEEP
てっきり,3,1904,I thought *DIFF*,25,てっきり彼は来ないと思いました。,영락없이,我当时想,DISCARD
てっきり,3,4685,surely *DIFF*,25,てっきり終わったと思っていた仕事が、まだ残っていた。,분명히,肯定,DISCARD
一概に,3,1507,always,25,一概に日本のアニメは子供向けだとは言えません。,일괄적으로,一概而论,KEEP
一概に,3,2329,In general *DIFF*,25,高いものが一概に良いとは限りません。,일률적으로,一般来说,DISCARD
一概に,3,2737,unconditionally *DIFF*,25,すべての人が努力すれば成功できると一概に言うことはできない。,무조건적으로,无条件地,DISCARD
ルーズ,3,1508,loose,25,彼は時間にルーズです。,루즈합니다,松散,KEEP
ルーズ,3,1959,loose,25,彼は時間にルーズです。,느슨합니다,松散,DISCARD
ルーズ,3,6023,loose,25,彼は約束にルーズなので、あまり信用できない。,느슨한,松的,DISCARD
一面,3,1525,covered with,25,公園は一面の花です。,온통,到处,KEEP
一面,3,1760,covered with,25,公園は一面の花です。,온통,到处,DISCARD
一面,3,2748,one side *DIFF*,25,その話は真実の一面を表しているに過ぎない。,한쪽,一面,DISCARD
だぶだぶ,3,1538,Baggy,25,このシャツはだぶだぶです。,헐렁합니다,宽松,KEEP
だぶだぶ,3,1903,Baggy,25,このシャツはだぶだぶです。,헐렁,宽松,DISCARD
だぶだぶ,3,4506,loose *DIFF*,25,このズボンは私にはだぶだぶで、少し丈が長い。,헐렁한,宽松,DISCARD
ゆとり,3,1545,leeway,25,ゆとりのある生活を送りたいです。,여유,宽裕,KEEP
ゆとり,3,1707,leeway,25,週末はゆとりのある時間が必要です。,여유,宽裕,DISCARD
ゆとり,3,5705,reserve *DIFF*,25,忙しい時でも心にゆとりを持ちたい。,예비,储备,DISCARD
取り締まる,3,1594,crack down,25,警察はスピード違反を取り締まる。,단속합니다,取缔,KEEP
取り締まる,3,1622,crack down,25,警察はスピード違反を取り締まる。,단속합니다,取締,DISCARD
取り締まる,3,4822,to manage *DIFF*,25,警察はスピード違反を厳しく取り締まる方針です。,관리하다,管理,DISCARD
シック,3,1641,chic,25,彼女の服はシックです。,시크합니다,别致,KEEP
シック,3,2118,chic,25,彼女の服はシックです。,시크,别致,DISCARD
シック,3,5897,chic,25,彼女はいつもシックな服装で、注目を集めています。,시크한,时尚,DISCARD
肝心,3,1647,important,25,肝心なことは、あきらめないことです。,핵심,关键,KEEP
肝心,3,2013,important,25,一番肝心なことは時間です。,중요,肝,DISCARD
肝心,3,3192,essential *DIFF*,25,プロジェクトを成功させるためには、チームワークが肝心です。,필수적인,必需的,DISCARD
ややこしい,3,1653,complicated,25,この問題はややこしいです。,복잡합니다,复杂,KEEP
ややこしい,3,2039,complicated,25,この問題はややこしいです。,복잡합니다,复杂,DISCARD
ややこしい,3,5678,puzzling *DIFF*,25,この説明はややこしいので、もう一度詳しく教えていただけますか？,수수께끼 같은,令人费解,DISCARD
愚か,3,1654,foolish,25,彼は愚かなことをしました。,어리석은,愚蠢,KEEP
愚か,3,1840,foolish,25,彼を信じるのは愚かだった。,어리석은,愚蠢,DISCARD
愚か,3,3010,foolish,25,そんな愚かな間違いをしないでください。,어리석은,愚蠢的,DISCARD
貶す,3,1666,criticize,25,彼はいつも私の服を貶す。,헐뜯다,贬低,KEEP
貶す,3,2299,belittle *DIFF*,25,彼はいつも友達を貶す。,깎아내린다,贬低,DISCARD
貶す,3,3510,to speak ill of *DIFF*,25,人のことを貶すのはやめなさい。,험담하다,说坏话,DISCARD
過疎,3,1673,depopulation,25,この村は過疎が進んでいます。,과소,过疏,KEEP
過疎,3,2279,depopulation,25,この村は過疎が進んでいます。,과소,过疏,DISCARD
過疎,3,3104,depopulation,25,彼は過疎の村を活性化させるために活動している。,인구 감소,人口减少,DISCARD
台無し,3,1675,ruin,25,雨でピクニックが台無しになった。,엉망,泡汤了,KEEP
台無し,3,1786,ruin,25,雨でピクニックが台無しになった。,엉망이,泡汤,DISCARD
台無し,3,4492,mess *DIFF*,25,彼のたった一つの失敗が、長年の努力を台無しにしてしまった。,엉망,混乱,DISCARD
改修,3,1688,renovated,25,この建物は来月改修されます。,개수,改修,KEEP
改修,3,1715,Renovation *DIFF*,25,この家は改修が必要です。,개수,改修,DISCARD
改修,3,3030,repair *DIFF*,25,この施設は老朽化が進んでおり、大規模な改修が計画されています。,수리,维修,DISCARD
敢えて,3,1700,on purpose,25,敢えて言いません。,굳이,故意,KEEP
敢えて,3,2108,on purpose,25,敢えて言いません。,굳이,故意,DISCARD
敢えて,3,2571,dare (to do) *DIFF*,25,彼は敢えて危険を冒して、その計画を実行した。,감히,敢,DISCARD
根気,3,1765,Perseverance,25,宿題には根気が大切です。,끈기,耐心,KEEP
根気,3,2287,Perseverance,25,根気があれば、できます。,끈기,毅力,DISCARD
根気,3,3694,patience *DIFF*,25,この研究を完成させるには、かなりの根気が必要です。,인내,耐心,DISCARD
仰ぐ,3,1774,Look up,25,空を仰ぐ。,우러러보다,仰望,KEEP
仰ぐ,3,2292,Look up,25,空を仰ぐ。,우러러보다,仰望,DISCARD
仰ぐ,3,2572,to look up (to) *DIFF*,25,人々は彼の知恵と勇気を仰いだ。,우러러보다,敬仰,DISCARD
阻む,3,1776,blocking,25,雨が道を阻む。,막는다,阻挡,KEEP
阻む,3,2014,blocks *DIFF*,25,壁が道を阻む。,막는다,阻挡,DISCARD
阻む,3,5098,to keep someone from doing *DIFF*,25,母親は彼が夜遅くまで出かけるのを阻んだ。,~하는 것을 막다,阻止某人做某事,DISCARD
歪む,3,1779,distort,25,地震で家が歪む。,찌그러진다,扭曲,KEEP
歪む,3,2015,warped *DIFF*,25,地震で建物が歪む。,휘어졌다,扭曲,DISCARD
歪む,3,2696,to warp *DIFF*,25,古い木のドアは湿気で歪んでしまった。,뒤틀리다,翘曲,DISCARD
執着,3,1791,clinging,25,彼女は過去のことに執着している。,집착,执着,KEEP
執着,3,2209,attached *DIFF*,25,彼は過去の出来事に執着している。,집착,执着于,DISCARD
執着,3,3952,attachment *DIFF*,25,彼は古い習慣に執着し、新しい変化を受け入れようとしない。,애착,依恋,DISCARD
根回し,3,1801,Groundwork,25,会議の前に、根回しをしました。,사전교섭,铺垫,KEEP
根回し,3,1997,Groundwork,25,会議の前に、根回しをしました。,사전교섭,事先沟通,DISCARD
根回し,3,4995,making necessary arrangements *DIFF*,25,会議の前に、重要な議題について根回しをしておく必要がある。,필요한 준비를 하다,做必要的安排,DISCARD
省みる,3,1804,Reflect,25,今日あったことを省みる。,되돌아본다,反省,KEEP
省みる,3,2291,Reflect,25,今日一日を省みる。,되돌아본다,反思,DISCARD
省みる,3,3050,to reflect *DIFF*,25,自分の行動を省みるべきだ。,반성하다,反思,DISCARD
案の定,3,1875,As expected,25,案の定、雨が降ってきた。,아니나다를까,果然,KEEP
案の定,3,2208,As expected,25,遅れると思ったけど、案の定、遅刻した。,역시나,果然,DISCARD
案の定,3,2679,sure enough *DIFF*,25,雨が降りそうだと話していたら、案の定、午後に降り始めた。,과연,果然,DISCARD
やにわに,3,1887,Suddenly,25,雨がやにわに降り出した。,갑자기,突然,KEEP
やにわに,3,2106,Suddenly,25,雨がやにわに降り出した。,갑자기,突然,DISCARD
やにわに,3,2308,Suddenly,25,雨がやにわに降り出した。,갑자기,突然,DISCARD
ユニーク,3,1943,unique,25,彼のアートはとてもユニークです。,독특,独特,KEEP
ユニーク,3,2117,unique,25,彼女のアイデアはユニークです。,독특합니다,独特,DISCARD
ユニーク,3,6018,unique,25,彼のデザインはいつもとてもユニークだ。,독특한,独特,DISCARD
割合,3,1985,proportion,25,りんごの割合は多いです。,비율,比例,KEEP
割合,3,2253,proportion,25,このケーキのイチゴの割合は多いです。,비율,比例,DISCARD
割合,3,2510,proportion,25,りんごの割合が多いです。,비율,比例,DISCARD
専ら,3,2103,exclusively,25,私は専ら日本語を勉強しています。,오로지,仅,KEEP
専ら,3,2255,exclusively,25,彼は専らゲームをしています。,오로지,专门,DISCARD
専ら,3,5628,wholly *DIFF*,25,彼女は専ら読書と映画鑑賞に時間を費やしている。,전적으로,完全,DISCARD
試みる,3,2268,try,25,私はそれを試みる。,시도할,尝试,KEEP
試みる,3,2501,try,25,私はそれを試みる。,시도할,尝试,DISCARD
試みる,3,3643,to try *DIFF*,25,彼は今まで誰も試みたことのない困難な課題に挑戦した。,시도하다,尝试,DISCARD
堪える,3,3657,to bear,25,私はその屈辱に堪えることができなかった。,참다,忍受,KEEP
堪える,3,3688,to bear,25,彼は痛みに堪えることができなかった。,참다,忍受,DISCARD
堪える,3,4420,to bear,25,彼は痛みに堪えて走り続けた。,참다,忍受,DISCARD
騒動,2,6,commotion,25,小さなことで騒動が起きました。,소동,骚动,KEEP
騒動,2,4329,strife *DIFF*,25,その突然の発表が大きな騒動を引き起こした。,갈등,纷争,DISCARD
率直,2,7,frank,25,彼女はいつも率直です。,솔직합니다,率直,KEEP
率直,2,4352,frankness *DIFF*,25,彼の率直な意見は、いつも会議を活気づける。,솔직함,坦率,DISCARD
治療,2,15,treatment,25,私は病院で治療を受けます。,치료,治疗,KEEP
治療,2,4587,medical treatment *DIFF*,25,医者は患者の病気の治療方針を決めました。,치료,治疗,DISCARD
着陸,2,16,landed,25,飛行機は空港に着陸しました。,착륙했습니다,着陆了,KEEP
着陸,2,4539,landing *DIFF*,25,飛行機は無事に滑走路に着陸した。,착륙,着陆,DISCARD
追跡,2,24,track down,25,警察は犯人を追跡します。,추적합니다,追踪,KEEP
追跡,2,4594,pursuit *DIFF*,25,警察は容疑者の行方を追跡している。,추적,追捕,DISCARD
途中,2,29,on the way,25,私は学校に行く途中で、友達に会いました。,도중에,途中,KEEP
途中,2,4625,on the way,25,家に帰る途中、コンビニに寄りました。,가는 중,在路上,DISCARD
逃亡,2,37,fled,25,犯人は海外へ逃亡しました。,도망쳤습니다,逃往,KEEP
逃亡,2,4755,escape *DIFF*,25,彼は警察の追跡を逃れて逃亡した。,탈출,逃脱,DISCARD
動揺,2,38,shaken,25,彼女はニュースを聞いて、少し動揺しました。,동요했습니다,动摇,KEEP
動揺,2,4863,disturbance *DIFF*,25,彼の突然の辞任のニュースは、社内に大きな動揺を与えた。,혼란,扰乱,DISCARD
燃料,2,49,fuel,25,車は燃料が必要です。,연료,燃料,KEEP
燃料,2,5004,fuel,25,車の燃料が残り少なくなってきた。,연료,燃料,DISCARD
破壊,2,51,destroy,25,建物を破壊しないでください。,파괴,破坏,KEEP
破壊,2,5046,destruction *DIFF*,25,戦争は都市に甚大な破壊をもたらした。,파괴,破坏,DISCARD
漠然,2,55,vague,25,将来の夢はまだ漠然としています。,막연합니다,模糊,KEEP
漠然,2,5137,obscure *DIFF*,25,彼の話は漠然としていて、何を言いたいのかよく分からなかった。,모호한,晦涩,DISCARD
爆破,2,57,blow up,25,建物を爆破します。,폭파합니다,爆破,KEEP
爆破,2,5139,blast *DIFF*,25,警察は爆破予告を受けて、建物から人々を避難させた。,폭발,爆炸,DISCARD
反射,2,60,reflects,25,光が鏡に反射する。,반사된다,反射,KEEP
反射,2,5122,reflection *DIFF*,25,光が水面に反射して美しかった。,반사,反射,DISCARD
避難,2,63,evacuate,25,大雨が降っています。避難してください。,피난하세요,避难,KEEP
避難,2,5198,taking refuge *DIFF*,25,住民は津波警報を受けて高台へ避難した。,피난처를 찾다,避难,DISCARD
敏感,2,67,sensitive,25,彼女は肌が敏感です。,민감합니다,敏感,KEEP
敏感,2,5229,sensibility *DIFF*,25,彼女は環境の変化にとても敏感だ。,감성,感性,DISCARD
不振,2,68,sluggish,25,売り上げは不振です。,부진합니다,不振,KEEP
不振,2,5259,dullness *DIFF*,25,経済の不振が続き、多くの企業が苦境に立たされています。,지루함,沉闷,DISCARD
不評,2,69,unpopular,25,その映画は不評でした。,평판이 좋지 않았습니다,不受欢迎,KEEP
不評,2,5273,bad reputation *DIFF*,25,その新しいレストランはサービスが悪く、すぐに不評を買った。,나쁜 평판,坏名声,DISCARD
武装,2,72,armed,25,兵士はライフルで武装した。,무장,武装,KEEP
武装,2,5299,arms *DIFF*,25,兵士たちは完全な武装で出発した。,무기,武器,DISCARD
復活,2,73,made a comeback,25,そのチームは復活しました。,부활했습니다,复活了,KEEP
復活,2,5264,revival (e.g. musical) *DIFF*,25,その伝説的なバンドは、10年間の活動休止を経てついに復活を遂げた。,재공연,复排,DISCARD
紛争,2,74,Conflict,25,その国では紛争が続いています。,분쟁,冲突,KEEP
紛争,2,5291,dispute *DIFF*,25,国境紛争は国際関係に深刻な影響を与える可能性があります。,분쟁,纠纷,DISCARD
返還,2,77,return,25,お金を返還してください。,반환,返还,KEEP
返還,2,5339,return,25,沖縄の土地の返還が実現した。,반환,返还,DISCARD
保管,2,78,store,25,書類を安全な場所に保管します。,보관합니다,保存,KEEP
保管,2,5380,charge *DIFF*,25,貴重品は金庫に保管してください。,보관,保管,DISCARD
募集,2,81,recruiting,25,ボランティアを募集しています。,모집,招募,KEEP
募集,2,1571,looking for *DIFF*,25,ボランティアを募集しています。,모집,招募,DISCARD
墓地,2,82,cemetery,25,墓地は静かです。,묘지,墓地,KEEP
墓地,2,5047,cemetery,25,墓地の近くに新しいアパートが建てられた。,묘지,墓地,DISCARD
崩壊,2,83,collapsed,25,建物が崩壊しました。,붕괴되었습니다,倒塌了,KEEP
崩壊,2,5355,collapse *DIFF*,25,その国の経済は急激なインフレにより崩壊寸前だ。,붕괴,崩溃,DISCARD
暴風,2,87,storm,25,暴風で木が倒れました。,폭풍,暴风,KEEP
暴風,2,5430,storm,25,暴風により多くの家屋が損傷し、停電も発生した。,폭풍,风暴,DISCARD
発作,2,89,Seizures,25,彼はたまに発作を起こします。,발작,发作,KEEP
発作,2,5397,fit *DIFF*,25,彼は突然、てんかんの発作を起こして倒れた。,발작,发作,DISCARD
没落,2,91,declined,25,その国は没落しました。,몰락했습니다,没落了,KEEP
没落,2,5438,ruin *DIFF*,25,彼の家は没落の一途を辿った。,몰락,没落,DISCARD
憂鬱,2,98,depressed,25,月曜日なので、少し憂鬱です。,우울,忧郁,KEEP
憂鬱,2,5684,depression *DIFF*,25,雨の日が続くと、何だか憂鬱な気分になる。,우울증,抑郁症,DISCARD
有益,2,99,beneficial,25,この本は有益です。,유익,有益的,KEEP
有益,2,5685,beneficial,25,この本は私にとって非常に有益な情報を提供してくれた。,유익한,有益的,DISCARD
幽霊,2,105,ghost,25,あの家には幽霊がいる。,유령,幽灵,KEEP
幽霊,2,5701,ghost,25,あの古い屋敷には幽霊が出ると噂されています。,유령,幽灵,DISCARD
様式,2,106,format,25,この書類は指定された様式で提出してください。,양식,格式,KEEP
様式,2,5719,style *DIFF*,25,この建物のデザインは、日本の伝統的な様式を取り入れています。,스타일,风格,DISCARD
預金,2,107,savings,25,私は銀行に預金があります。,예금,存款,KEEP
預金,2,5731,deposit *DIFF*,25,毎月給料の一部を預金しています。,예금,存款,DISCARD
流通,2,109,distributed,25,野菜は市場で流通しています。,유통,流通,KEEP
流通,2,5773,circulation of money or goods *DIFF*,25,商品の円滑な流通は経済成長に不可欠です。,화폐나 재화의 유통,货币或商品的流通,DISCARD
冷酷,2,112,cruel,25,彼​は​冷酷​な​人​です。,냉혹,冷酷的,KEEP
冷酷,2,5796,cruelty *DIFF*,25,彼の冷酷な態度は、多くの人々を深く傷つけた。,잔인함,残酷,DISCARD
朗読,2,117,read,25,彼女は本を朗読しました。,낭독했습니다,朗读,KEEP
朗読,2,5807,reading aloud *DIFF*,25,私は寝る前に子供に絵本を朗読してあげた。,낭독,朗读,DISCARD
悪どい,2,121,shady,25,彼らは悪どい商売をしている。,악랄한,恶劣的,KEEP
悪どい,2,1517,unscrupulous *DIFF*,25,あの店のやり方は悪どい。,악독하다,不地道,DISCARD
あどけない,2,123,innocent,25,彼女はあどけない笑顔を見せた。,순진한,清白的,KEEP
あどけない,2,1820,innocent,25,彼女はあどけない笑顔を見せた。,순진한,天真烂漫的,DISCARD
良い,2,126,good,25,天気(てんき)が良(よ)いです。,좋습니다,好,KEEP
良い,2,2682,good,25,これはとても良い考えですね。,좋은,好,DISCARD
忌々しい,2,131,annoyed,25,雨が降って、忌々しい気分です。,얄미운,烦,KEEP
忌々しい,2,2045,annoying *DIFF*,25,雨が降って、忌々しい。,얄미워,讨厌,DISCARD
美味しい,2,139,delicious,25,このケーキは美味しいです。,맛있어요,好吃,KEEP
美味しい,2,2894,delicious,25,このラーメンは本当に美味しいですね。,맛있다,好吃,DISCARD
可笑しい,2,140,funny,25,その話は可笑しいです。,웃겨요,可笑,KEEP
可笑しい,2,2917,strange *DIFF*,25,この機械、なんだか可笑しい動きをしている。,이상한,奇怪,DISCARD
大人しい,2,145,quiet,25,彼女は大人しいです。,얌전합니다,安静,KEEP
大人しい,2,2965,obedient *DIFF*,25,その犬はとても大人しくて、指示によく従う。,순종적인,顺从的,DISCARD
痒い,2,149,itchy,25,ここが痒いです。,가려워요,痒,KEEP
痒い,2,3151,itchy,25,蚊に刺されて足が痒い。,가려운,发痒的,DISCARD
可愛い,2,150,cute,25,猫は可愛い。,귀여워요,可爱,KEEP
可愛い,2,3163,pretty *DIFF*,25,この花は本当に可愛いですね。,예쁜,漂亮,DISCARD
下らない,2,155,pointless,25,それは下らない質問です。,쓸데없는,无聊的,KEEP
下らない,2,3431,good-for-nothing *DIFF*,25,そんな下らないことで悩むな。,쓸모없는 사람,废物,DISCARD
酸っぱい,2,171,sour,25,このレモンは酸っぱい。,시다,酸,KEEP
酸っぱい,2,4189,sour,25,このレモンはとても酸っぱいので、顔がすぼまってしまった。,신,酸,DISCARD
済まない,2,172,Sorry,25,ごめん、本当に済まない。,미안해,对不起,KEEP
済まない,2,4196,sorry (phrase) *DIFF*,25,済まない、君の誕生日をすっかり忘れてしまっていた。,죄송합니다,对不起,DISCARD
堪らない,2,186,can't stand it,25,この歌は本当に素晴らしいから、堪らない。,참을수없어,受不了,KEEP
堪らない,2,4462,intolerable *DIFF*,25,この暑さはもう堪らない。早く涼しくなってほしい。,참을 수 없는,无法忍受的,DISCARD
でかい,2,190,huge,25,あのケーキはでかいです。,커요,很大,KEEP
でかい,2,4720,huge,25,あの建物は本当にでかいね。,거대한,巨大,DISCARD
照れ臭い,2,192,embarrassed,25,褒められると、照れ臭いです。,쑥스럽습니다,不好意思,KEEP
照れ臭い,2,1857,embarrassed,25,褒められると、照れ臭い。,쑥스럽다,不好意思,DISCARD
何気ない,2,197,casual,25,何気ない一言が、人を傷つけることもある。,무심코,无心,KEEP
何気ない,2,4912,casual,25,彼の何気ない一言が、彼女の心を深く傷つけた。,캐주얼,休闲,DISCARD
生臭い,2,198,Fishy,25,この魚は少し生臭い。,비린내,腥,KEEP
生臭い,2,4919,smelling of fish or blood *DIFF*,25,捌いたばかりの魚は、まだ少し生臭い匂いがする。,생선이나 피 냄새가 나는,带着鱼腥味或血腥味,DISCARD
生温い,2,199,Lukewarm,25,生温いビールは美味しくない。,미지근한,不冷不热的,KEEP
生温い,2,4920,lukewarm,25,お風呂のお湯が生温くて、体が温まらなかった。,미지근한,温热的,DISCARD
酷い,2,208,terrible,25,それは酷い話です。,끔찍한,糟糕的,KEEP
酷い,2,5193,cruel *DIFF*,25,彼の酷い言葉に心が傷ついた。,잔인한,残忍,DISCARD
不味い,2,216,bad,25,このスープは不味いです。,맛이,很难喝,KEEP
不味い,2,5472,unappetising *DIFF*,25,この魚料理は見た目は豪華なのに、味が不味くてがっかりした。,맛없어 보이는,不开胃,DISCARD
眩しい,2,217,dazzling,25,太陽が眩しい。,눈부시다,耀眼,KEEP
眩しい,2,5490,dazzling,25,太陽の光がとても眩しいので、サングラスをかけました。,눈부신,耀眼的,DISCARD
みすぼらしい,2,220,shabby,25,彼の服はみすぼらしいです。,초라합니다,破旧,KEEP
みすぼらしい,2,1862,shabby,25,彼の服はみすぼらしいです。,초라합니다,破旧,DISCARD
みっともない,2,221,Embarrassing,25,そんなことを言うのは、みっともないです。,꼴불견이다,丢人,KEEP
みっともない,2,1860,shameful *DIFF*,25,そんなことを言うのは、みっともない。,창피하다,丢人,DISCARD
安っぽい,2,230,Cheap,25,このかばんは安っぽい。,싸구려,廉价,KEEP
安っぽい,2,5664,cheap-looking *DIFF*,25,このカバンはデザインはいいけど、素材が安っぽい。,싸구려 같은,看起来很廉价,DISCARD
地味,2,256,Plain,25,彼女の服は地味です。,수수함,朴素,KEEP
地味,2,2324,Plain,25,彼女の服は地味です。,수수,朴素,DISCARD
上手,2,259,good,25,彼女は日本語が上手です。,잘함,擅长,KEEP
上手,2,2849,upper part *DIFF*,25,川の上手には古い橋がかかっている。,윗부분,上部,DISCARD
出鱈目,2,271,Nonsense,25,彼の話は出鱈目だ。,엉터리,胡说八道,KEEP
出鱈目,2,4724,irresponsible utterance *DIFF*,25,彼の言っていることはいつも出鱈目で、誰も信用していません。,무책임한 발언,不负责任的言论,DISCARD
必要,2,279,necessary,25,水が必要です。,필요,需要,KEEP
必要,2,2157,necessary,25,水が必要です。,필요,需要,DISCARD
不便,2,282,inconvenient,25,ここにはコンビニがなくて、不便です。,불편합니다,不方便,KEEP
不便,2,5274,pity *DIFF*,25,このアパートは駅からのアクセスが不便です。,연민,同情,DISCARD
無邪気,2,293,innocently,25,赤ちゃんは無邪気に笑う。,순진하게,天真,KEEP
無邪気,2,5561,innocence *DIFF*,25,子供の無邪気さは、大人を癒します。,순수,天真,DISCARD
無茶苦茶,2,295,mess,25,彼の部屋は無茶苦茶だ。,엉망진창,乱七八糟,KEEP
無茶苦茶,2,5571,confused *DIFF*,25,彼の説明は無茶苦茶で、何を言っているのか全く分からなかった。,혼란스러운,困惑,DISCARD
滅茶苦茶,2,297,a complete mess,25,宿題が滅茶苦茶になった。,엉망진창,乱七八糟,KEEP
滅茶苦茶,2,5593,absurd *DIFF*,25,彼の言い分は滅茶苦茶で、誰も納得できなかった。,터무니없는,荒谬,DISCARD
商う,2,307,sells,25,彼は市場で野菜を商う。,판다,卖,KEEP
商う,2,2296,sell *DIFF*,25,店で物を商う。,팔다,卖,DISCARD
羨む,2,325,envy,25,彼女の才能を羨む。,부러워하다,羡慕,KEEP
羨む,2,2000,envy,25,私は彼女の才能を羨む。,부러워하다,羡慕,DISCARD
怒る,2,327,gets angry,25,妹は弟に怒る。,화를 낸다,生气,KEEP
怒る,2,2695,to get angry *DIFF*,25,彼は小さいことで怒るタイプです。,화내다,生气,DISCARD
収める·納める,2,328,null,25,箱に本を収める。,null,null,KEEP
収める·納める,2,964,put *DIFF*,25,箱に本を収める。,넣는다,放,DISCARD
惜しむ,2,329,regret,25,私は別れを惜しむ。,아쉬워한다,惋惜,KEEP
惜しむ,2,2937,to be frugal *DIFF*,25,彼は無駄な出費を惜しむ人だ。,검소하다,节俭,DISCARD
傾く,2,341,leaning,25,木が少し傾く。,기울다,倾斜,KEEP
傾く,2,3112,to incline toward *DIFF*,25,夕日が西に傾くと、あたりは薄暗くなった。,~쪽으로 기울다,倾向于,DISCARD
傾ける,2,342,Tilt,25,首を傾ける。,갸우뚱하다,倾斜,KEEP
傾ける,2,3113,to incline *DIFF*,25,彼女は耳を傾けて、彼の話に真剣に耳を傾けた。,기울이다,倾斜,DISCARD
可愛がる,2,344,love,25,私は猫を可愛がる。,귀여워하다,爱,KEEP
可愛がる,2,3164,to love *DIFF*,25,彼女はいつも小さい子供たちを優しく可愛がっている。,사랑하다,爱,DISCARD
擦る,2,358,strike,25,マッチを擦る。,긋는다,擦,KEEP
擦る,2,3099,to touch lightly *DIFF*,25,子供が猫の頭を優しく擦ってあげた。,가볍게 만지다,轻轻触碰,DISCARD
障る,2,364,interfere,25,うるさい音が勉強の邪魔になる。,방해가,妨碍,KEEP
障る,2,3803,to hinder *DIFF*,25,無理をしすぎると体に障りますよ。,방해하다,阻碍,DISCARD
強いる,2,365,Force,25,私は彼にそれを強いるつもりはありません。,강요하다,强迫,KEEP
強いる,2,3843,to force *DIFF*,25,上司は部下に無理な残業を強いるべきではない。,강요하다,强迫,DISCARD
しくじる,2,368,messed up,25,テストでしくじった。,망쳤어,搞砸了,KEEP
しくじる,2,3863,to fail *DIFF*,25,彼は大事な試験でしくじってしまった。,실패하다,失败,DISCARD
痺れる,2,371,Numb,25,正座して足が痺れる。,저리다,麻了,KEEP
痺れる,2,3909,to become numb *DIFF*,25,長時間座っていたので、足が痺れてきた。,저리다,变得麻木,DISCARD
済ます,2,385,finished,25,朝ご飯を簡単に済ませました。,끝냈습니다,解决了,KEEP
済ます,2,4194,to finish *DIFF*,25,昼食を簡単に済ませて、すぐに仕事に戻った。,끝내다,完成,DISCARD
損なう,2,387,damage,25,彼は健康を損なう。,해친다,损害,KEEP
損なう,2,4342,to harm *DIFF*,25,無理な運動は体を損なう可能性があります。,해치다,损害,DISCARD
携わる,2,392,involved,25,私はそのプロジェクトに携わっています。,참여하고,参与,KEEP
携わる,2,4432,to participate *DIFF*,25,彼は長年、医療分野の研究に携わっています。,참여하다,参与,DISCARD
漂う,2,396,drift,25,雲が空に漂う。,떠다닌다,漂浮,KEEP
漂う,2,4433,to drift about *DIFF*,25,空気中に甘い香りが漂っている。,떠다니다,漂流,DISCARD
垂れる,2,401,dripping,25,雨が垂れる。,떨어지다,下来,KEEP
垂れる,2,4473,to hang *DIFF*,25,柳の枝が水面に垂れている。,걸리다,挂,DISCARD
継ぐ,2,408,inherit,25,彼は会社を継ぐ。,물려받을,继承,KEEP
継ぐ,2,4621,to succeed *DIFF*,25,彼は亡き父の事業を継ぐ決意をした。,계승하다,继承,DISCARD
整える,2,419,tidy up,25,部屋を整える。,정리할게요,整理,KEEP
整える,2,4793,to put in order *DIFF*,25,会議の資料を整える。,정리하다,整理,DISCARD
伴う,2,420,involves,25,危険を伴う仕事です。,동반하는,伴随,KEEP
伴う,2,4812,to accompany *DIFF*,25,この仕事には多くの責任が伴う。,동반하다,陪同,DISCARD
舞う,2,452,dance,25,ちょうが花びらの周りを舞う。,춤춘다,飞舞,KEEP
舞う,2,5444,to dance *DIFF*,25,桜の花びらが風に舞う。,춤추다,跳舞,DISCARD
紛れる,2,454,get lost,25,人ごみに紛れる。,묻히다,迷失,KEEP
紛れる,2,5455,to be diverted *DIFF*,25,彼の注意は、窓の外の鳥に紛れた。,전환되다,被转移,DISCARD
導く,2,458,guides,25,先生は生徒を成功に導く。,이끈다,引导,KEEP
導く,2,5528,to be guided *DIFF*,25,彼女は生徒たちを正しい道へと導く。,안내받다,被引导,DISCARD
委ねる,2,468,Entrust,25,私は計画を先生に委ねる。,맡긴다,委托,KEEP
委ねる,2,1848,Entrust,25,私は計画を先生に委ねる。,맡긴다,委托,DISCARD
朝寝坊,2,475,overslept,25,私は今日、朝寝坊をしました。,늦잠을,睡懒觉了,KEEP
朝寝坊,2,2598,oversleeping *DIFF*,25,彼は朝寝坊なので、遅刻することがよくある。,늦잠,睡过头,DISCARD
縁側,2,498,veranda,25,猫は縁側で寝ています。,툇마루,走廊,KEEP
縁側,2,2879,veranda,25,祖母はいつも縁側でひなたぼっこをしていました。,베란다,凉台,DISCARD
現場,2,530,site,25,私は現場に行きます。,현장,现场,KEEP
現場,2,3543,actual spot *DIFF*,25,彼はいつも現場の状況を直接確認することを重視している。,실제 장소,实际地点,DISCARD
地元,2,554,hometown,25,私は地元が好きです。,고향,家乡,KEEP
地元,2,4109,local *DIFF*,25,私は地元の祭りに行くのが好きです。,지역의,当地的,DISCARD
中指,2,585,middle finger,25,彼は中指を立てました。,중지,中指,KEEP
中指,2,4548,middle finger,25,彼女は中指に美しい指輪をはめていた。,가운데 손가락,中指,DISCARD
一言,2,608,A word,25,一言、お願いします。,한마디,一句话,KEEP
一言,2,2739,single word *DIFF*,25,彼からの返事はたった一言だけだった。,한마디,一个词,DISCARD
眼鏡,2,633,glasses,25,これは私の眼鏡です。,안경,眼镜,KEEP
眼鏡,2,3245,spectacles *DIFF*,25,祖父はいつも眼鏡をかけて新聞を読みます。,안경,眼镜,DISCARD
連中,2,654,those guys,25,彼らは悪い連中だ。,무리,他们,KEEP
連中,2,5802,colleagues *DIFF*,25,職場の連中と新しいプロジェクトについて話し合った。,동료들,同事们,DISCARD
悪口,2,659,bad things,25,悪口を言うのは良くないです。,험담하는,说坏话,KEEP
悪口,2,2619,abuse *DIFF*,25,他人の悪口を言うのはやめましょう。,욕설,辱骂,DISCARD
曖昧,2,660,vague,25,彼の答えは曖昧でした。,애매,暧昧,KEEP
曖昧,2,2570,vague,25,彼の説明は曖昧で、何が言いたいのかよく分からなかった。,모호한,模糊,DISCARD
暗殺,2,664,assassinated,25,彼は暗殺されました。,암살,暗杀,KEEP
暗殺,2,2674,assassination *DIFF*,25,彼の政治的敵対者による暗殺の試みは失敗に終わった。,암살,暗杀,DISCARD
暗示,2,665,hinted,25,彼女は目でそれを暗示しました。,암시,暗示,KEEP
暗示,2,2676,hint *DIFF*,25,彼女は私に答えの暗示を与えた。,힌트,暗示,DISCARD
運賃,2,667,fare,25,バスの運賃は百円です。,운임,运费,KEEP
運賃,2,2855,freight rates *DIFF*,25,この荷物の運賃は、距離と重さによって計算されます。,운임,运价,DISCARD
怪獣,2,675,monster,25,あの山に大きな怪獣がいます。,괴수,怪兽,KEEP
怪獣,2,3031,monster,25,海から巨大な怪獣が現れた。,괴물,怪兽,DISCARD
開拓,2,678,cultivate,25,新しい土地を開拓します。,개척,开垦,KEEP
開拓,2,3035,reclamation (of wasteland) *DIFF*,25,昔の人々は、荒れた土地を開拓して、村を作りました。,개간,开垦,DISCARD
疑惑,2,690,suspicion,25,彼には疑惑があります。,의혹,疑惑,KEEP
疑惑,2,3415,doubt *DIFF*,25,その政治家の不正に関する疑惑が報じられた。,의심,怀疑,DISCARD
距離,2,699,distance,25,家から学校まで近い距離です。,거리,距离,KEEP
距離,2,3370,distance,25,私たちは適度な社会的距離を保つ必要があります。,거리,距离,DISCARD
協議,2,700,discussed,25,私たちはその件について協議しました。,협의,讨论,KEEP
協議,2,3340,conference *DIFF*,25,次のプロジェクトについて、関係者間で協議が行われました。,회의,会议,DISCARD
強烈,2,702,intense,25,その映画は強烈でした。,강렬,强烈,KEEP
強烈,2,3361,strong *DIFF*,25,彼の強烈な個性は、誰もがすぐに認識する。,강한,强,DISCARD
偶然,2,708,happened to,25,昨日、駅で偶然友達に会いました。,우연,偶然,KEEP
偶然,2,2137,chance *DIFF*,25,偶然、彼女に会いました。,우연히,偶然,DISCARD
掲載,2,710,publish,25,この情報は雑誌に掲載されました。,게재,刊登,KEEP
掲載,2,3476,appearance (e.g. article in paper) *DIFF*,25,彼の研究結果が専門誌に掲載された。,게재,刊登,DISCARD
激励,2,714,encouraged,25,先生は生徒を激励しました。,격려,鼓励,KEEP
激励,2,3530,encouragement *DIFF*,25,監督は試合前に選手たちを激励し、チームの士気を高めた。,격려,鼓励,DISCARD
詐欺,2,734,fraud,25,それは詐欺です。,사기,欺诈,KEEP
詐欺,2,3762,fraud,25,彼は友人を騙して多額の金を奪う詐欺を働いた。,사기,欺诈,DISCARD
災害,2,735,disaster,25,地震は災害です。,재해,灾害,KEEP
災害,2,3733,calamity *DIFF*,25,自然災害は、私たちの生活に大きな影響を与えることがあります。,재앙,灾难,DISCARD
採択,2,736,adopted,25,会議で新しい提案が採択されました。,채택,采纳,KEEP
採択,2,3744,adoption *DIFF*,25,その提案は全員一致で採択された。,채택,采纳,DISCARD
削減,2,737,reduce,25,コストを削減します。,삭감,削減,KEEP
削減,2,3766,cut *DIFF*,25,企業はコスト削減のために新たな計画を導入しました。,삭감,削减,DISCARD
自己,2,741,self,25,自己紹介をします。,자기,自我,KEEP
自己,2,4081,self,25,彼は会議の冒頭で自己紹介をした。,자기,自我,DISCARD
謝絶,2,748,Decline,25,パーティーへの参加は謝絶します。,사절,拒绝,KEEP
謝絶,2,3927,refusal *DIFF*,25,医師は重症患者への面会を謝絶した。,거절,拒绝,DISCARD
授業,2,751,class,25,今日は授業があります。,수업,课,KEEP
授業,2,867,class,25,明日、授業があります。,수업,课,DISCARD
処罰,2,762,punishment,25,彼らは罪を犯したので、処罰を受けました。,처벌,处罚,KEEP
処罰,2,4022,punishment,25,彼の不正行為に対して、会社は厳正な処罰を下した。,처벌,惩罚,DISCARD
庶民,2,763,commoner,25,私は庶民です。,서민,庶民,KEEP
庶民,2,4025,masses *DIFF*,25,庶民の生活は政治に大きく左右される。,대중,群众,DISCARD
小児科,2,769,Pediatrics,25,子供が熱があるので、小児科に行きます。,소아과,儿科,KEEP
小児科,2,4004,pediatrics,25,この病院には優れた小児科医がいます。,소아과,儿科,DISCARD
上司,2,771,boss,25,私の上司は親切です。,상사,上司,KEEP
上司,2,4141,superior authorities *DIFF*,25,私の上司はいつも的確なアドバイスをくれます。,상급 당국,上级主管机关,DISCARD
譲歩,2,772,concession,25,彼は私の意見に少し譲歩しました。,양보,让步,KEEP
譲歩,2,4147,concession,25,交渉を成功させるためには、お互いに譲歩する必要がある。,양보,让步,DISCARD
推測,2,779,guess,25,天気予報から、明日雨だと推測できます。,추측,推测,KEEP
推測,2,4170,guess,25,彼の反応から、彼女は真実を推測した。,추측하다,猜测,DISCARD
推理,2,780,deduction,25,彼は推理が好きです。,추리,推理,KEEP
推理,2,4172,reasoning *DIFF*,25,名探偵は鋭い推理で事件の真相を解き明かした。,추론,推理,DISCARD
是正,2,781,correct,25,会社は給料の差を是正します。,시정,纠正,KEEP
是正,2,4299,correction *DIFF*,25,政府は経済政策の誤りを是正する必要がある。,수정,修正,DISCARD
正常,2,783,normal,25,体温は正常です。,정상,正常的,KEEP
正常,2,4233,normalcy *DIFF*,25,パンデミック後、世界は徐々に正常に戻りつつある。,정상,常态,DISCARD
征服,2,784,conquer,25,その国を征服するのは難しいです。,정복,征服,KEEP
征服,2,4246,conquest *DIFF*,25,アレクサンドロス大王は広大な領土を征服した。,정복,征服,DISCARD
小柄,2,807,Petite,25,彼女は小柄です。,아담합니다,娇小,KEEP
小柄,2,3621,short (build) *DIFF*,25,彼女は小柄ですが、とてもパワフルな声を持っています。,체구가 작다,身材矮小,DISCARD
事柄,2,808,Matter,25,それは重要な事柄です。,사항,事,KEEP
事柄,2,3667,matter,25,その事柄については、まだ誰も正確な情報を知りません。,사안,事情,DISCARD
心中,2,813,suicide,25,彼らは心中しました。,동반자살,殉情,KEEP
心中,2,4052,double suicide *DIFF*,25,恋人たちは社会の反対を乗り越えられず、心中を選んだ。,동반자살,殉情,DISCARD
建前,2,817,what is said publicly,25,会議では建前と本音が違うことがあります。,표면상의방침,建前,KEEP
建前,2,4446,face *DIFF*,25,彼は建前上は賛成したが、本音では反対だった。,체면,面子,DISCARD
共働き,2,823,both working,25,私の両親は共働きです。,맞벌이,双职工,KEEP
共働き,2,4813,dual income *DIFF*,25,最近は共働き世帯が増えています。,맞벌이,双职工,DISCARD
日付,2,833,date,25,今日の日付は何ですか？,날짜,日期,KEEP
日付,2,3125,date,25,この書類に日付を記入してください。,날짜,日期,DISCARD
火花,2,835,spark,25,花火が火花を散らす。,불꽃,火花,KEEP
火花,2,5200,spark,25,金属を研磨するたびに、美しい火花が散る。,불꽃,火花,DISCARD
文句,2,842,complain,25,私は文句を言いません。,불평,抱怨,KEEP
文句,2,2005,complain,25,私は文句を言いません。,불평,抱怨,DISCARD
圧倒,2,847,overwhelmed,25,彼の強さは、相手を圧倒しました。,압도,压倒,KEEP
圧倒,2,1527,overwhelmed,25,彼の強さに圧倒された。,압도,压倒,DISCARD
応募,2,849,applied,25,私はその仕事に応募しました。,응모,应聘,KEEP
応募,2,2903,subscription *DIFF*,25,新しいプロジェクトのメンバー募集に、たくさんの人が応募しました。,구독,订阅,DISCARD
合唱,2,850,chorus,25,私たちは合唱をしました。,합창,合唱,KEEP
合唱,2,3234,chorus,25,彼女は学校の合唱部に所属しています。,합창,合唱,DISCARD
歓声,2,851,Cheers,25,試合に勝って、歓声が上がった。,환성,欢声,KEEP
歓声,2,3193,cheer *DIFF*,25,選手が得点すると、観客から大きな歓声が上がった。,함성,欢呼,DISCARD
寄贈,2,852,donated,25,図書館に本を寄贈しました。,기증,捐赠,KEEP
寄贈,2,3286,donation *DIFF*,25,博物館は一般市民から絵画の寄贈を受け付けています。,기부,捐赠,DISCARD
軽蔑,2,858,despised,25,彼は彼女を軽蔑した。,경멸,轻蔑,KEEP
軽蔑,2,3486,scorn *DIFF*,25,彼は貧しい人々を軽蔑するような態度をとった。,경멸,轻蔑,DISCARD
根拠,2,863,basis,25,この意見には根拠がありません。,근거,根据,KEEP
根拠,2,3695,basis,25,その主張には確かな根拠がない。,근거,根据,DISCARD
接触,2,879,met,25,目と目が接触しました。,접촉,接触,KEEP
接触,2,4262,touch *DIFF*,25,危険ですので、運転中の機械には絶対に接触しないでください。,만지다,触摸,DISCARD
妥協,2,881,compromise,25,私たちは少し妥協しました。,타협,妥协,KEEP
妥協,2,4498,compromise,25,お互いの意見を尊重し、妥協点を見つけることが大切だ。,타협,妥协,DISCARD
鈍感,2,888,insensitive,25,彼は鈍感です。,둔감,迟钝,KEEP
鈍感,2,4884,thickheadedness *DIFF*,25,彼は周りの人の気持ちに鈍感だ。,우둔함,愚钝,DISCARD
賠償,2,891,compensation,25,会社は事故の賠償をしました。,배상,赔偿,KEEP
賠償,2,5133,reparations *DIFF*,25,会社は環境汚染に対する賠償金を支払う義務がある。,배상,赔款,DISCARD
万能,2,892,all-purpose,25,この道具は万能です。,만능,万能的,KEEP
万能,2,5150,all-purpose,25,この万能ナイフはキャンプにとても役立ちます。,다용도,多功能,DISCARD
描写,2,893,Description,25,この本は景色（けしき）の描写（びょうしゃ）が上手（じょうず）です。,묘사,描写,KEEP
描写,2,5226,depiction *DIFF*,25,この小説は登場人物の心理描写が素晴らしい。,묘사,描绘,DISCARD
模倣,2,898,imitated,25,彼は有名な芸術家のスタイルを模倣した。,모방,模仿,KEEP
模倣,2,5637,imitation *DIFF*,25,子供は親の行動を模倣することがよくあります。,모방,模仿,DISCARD
予言,2,901,predicted,25,彼は未来を予言した。,예언,预言,KEEP
予言,2,3134,prediction *DIFF*,25,彼の予言は恐ろしいほど正確だった。,예측,预测,DISCARD
厚かましい,2,903,impudent,25,彼の要求は少し厚かましいです。,뻔뻔합니다,厚颜无耻,KEEP
厚かましい,2,1823,impudent,25,彼の要求は厚かましい。,뻔뻔스럽다,厚颜无耻,DISCARD
面白い,2,908,interesting,25,この本は面白いです。,재미있습니다,有趣,KEEP
面白い,2,2991,interesting,25,この本は本当に面白いです。,흥미로운,有趣的,DISCARD
脆い,2,929,brittle,25,このクッキーはとても脆いです。,부서지기 쉽습니다,脆,KEEP
脆い,2,5645,brittle,25,年を取ると骨が脆くなる。,부서지기 쉬운,脆,DISCARD
けち,2,939,Stingy,25,彼はお金を払いたくないので、けちです。,쩨쩨해요,小气,KEEP
けち,2,1871,Stingy,25,彼氏はけちだから、いつも割り勘です。,짜서,小气,DISCARD
滑稽,2,940,comical,25,彼のダンスは滑稽です。,우스꽝스럽습니다,滑稽,KEEP
滑稽,2,3662,funny *DIFF*,25,彼の話はとても滑稽で、みんなを笑わせた。,웃긴,好笑,DISCARD
大事,2,945,Important,25,家族は大事です。,중요합니다,重要,KEEP
大事,2,2908,important,25,健康は私たちにとってとても大事です。,중요한,重要的,DISCARD
複雑,2,948,complex,25,問題は複雑です。,복잡합니다,复杂,KEEP
複雑,2,2079,complicated *DIFF*,25,この問題は少し複雑です。,복잡,复杂,DISCARD
埋まる,2,960,buried,25,雪に足が埋まる。,묻히다,埋,KEEP
埋まる,2,2815,to be buried *DIFF*,25,畑に落ちていた石は、いつの間にか土に埋まっていた。,묻히다,被埋葬,DISCARD
治める,2,965,govern,25,王様は国を治める。,다스린다,统治,KEEP
治める,2,1549,govern,25,王様は国を治める。,다스린다,统治,DISCARD
朽ちる,2,967,rots,25,木が朽ちる。,썩는다,腐朽,KEEP
朽ちる,2,3435,to rot *DIFF*,25,古い木製の橋が朽ちかけている。,썩다,腐烂,DISCARD
辿る,2,981,follow,25,道を辿る。,따라가다,沿着,KEEP
辿る,2,4452,to follow (road) *DIFF*,25,私たちは古い地図を頼りに、その山道を辿った。,따르다,沿,DISCARD
縮まる,2,984,shrink,25,距離が縮まる。,줄어든다,缩小,KEEP
縮まる,2,4528,to be shortened *DIFF*,25,冬になると日が短くなり、昼間の時間が縮まる。,단축되다,被缩短,DISCARD
憎む,2,990,hate,25,彼は嘘つきなので、私は彼を憎む。,싫어한다,恨,KEEP
憎む,2,2001,hate,25,私は嘘をつく人を憎む。,싫어한다,恨,DISCARD
担う,2,991,bear,25,彼はチームの未来を担う。,짊어질,肩负,KEEP
担う,2,4963,to carry on shoulder *DIFF*,25,彼は会社の未来を担う重要なプロジェクトのリーダーを務めている。,어깨에 메다,肩扛,DISCARD
吐く,2,998,threw up,25,気持ちが悪くて、少し吐きました。,토했어요,吐,KEEP
吐く,2,4614,to breathe *DIFF*,25,深呼吸をして、ゆっくりと息を吐く。,숨쉬다,呼吸,DISCARD
腫れる,2,1000,swelling,25,目（め）が腫（は）れる。,붓다,肿了,KEEP
腫れる,2,5112,to swell (from inflammation) *DIFF*,25,風邪をひいて、喉が痛くて腫れている。,붓다,肿胀,DISCARD
化ける,2,1001,transforms,25,キツネが人間に化ける。,둔갑한다,变成,KEEP
化ける,2,5141,to appear in disguise *DIFF*,25,狐が美しい女性に化けるという昔話は有名です。,변장하다,乔装出现,DISCARD
汚れる,2,1008,get dirty,25,服が汚れる。,더러워져요,脏了,KEEP
汚れる,2,3492,to get dirty *DIFF*,25,子供が公園で遊んで服が汚れた。,더러워지다,变脏,DISCARD
大雑把,2,1018,rough,25,彼は大雑把な性格です。,대략적인,粗略,KEEP
大雑把,2,1194,rough,25,彼は大雑把な人です。,대충대충,粗略,DISCARD
株式,2,1021,shares,25,私はその会社の株式を買いました。,주식,股票,KEEP
株式,2,3140,stock (company) *DIFF*,25,その会社は本日、新規公開株式を発行しました。,주식,股票,DISCARD
小銭,2,1029,coin,25,小銭があります。,잔돈,零钱,KEEP
小銭,2,3654,coins *DIFF*,25,財布に小銭がたくさん入っていて重いです。,동전,硬币,DISCARD
残高,2,1030,balance,25,銀行の残高はいくらですか？,잔고,余额,KEEP
残高,2,3833,(bank) balance *DIFF*,25,銀行口座の残高を確認しました。,잔액,余额,DISCARD
退屈,2,1040,bored,25,今日、とても退屈です。,지루해요,无聊,KEEP
退屈,2,1384,bored,25,今日はとても退屈です。,지루해요,无聊,DISCARD
短気,2,1041,short-tempered,25,彼は短気です。,급합니다,急躁,KEEP
短気,2,4479,quick temper *DIFF*,25,彼は短気なので、すぐに怒り出す。,욱하는 성격,脾气暴躁,DISCARD
灰皿,2,1058,ashtray,25,テーブルに灰皿があります。,재떨이,烟灰缸,KEEP
灰皿,2,5034,ashtray,25,テーブルの上に灰皿が置いてあります。,재떨이,烟灰缸,DISCARD
初耳,2,1059,first time,25,その話は初耳です。,처음,第一次,KEEP
初耳,2,5090,something heard for the first time *DIFF*,25,彼の昇進のニュースは私にとって全くの初耳だった。,처음 듣는 이야기,第一次听到的事,DISCARD
人柄,2,1061,personality,25,彼女は人柄が良いです。,인품,人品,KEEP
人柄,2,5187,personality,25,彼の誠実な人柄は、多くの人から信頼されています。,성격,个性,DISCARD
油断,2,1075,careless,25,油断すると、けがをします。,방심,疏忽,KEEP
油断,2,2260,careless,25,油断すると、けがをします。,방심,疏忽,DISCARD
弱音,2,1077,complain,25,彼女は弱音を吐かない。,약한 소리,发牢骚,KEEP
弱音,2,1799,complain,25,彼は弱音を吐かない。,약한 소리,牢骚,DISCARD
還元,2,1084,return,25,利益をお客様に還元します。,환원,回馈,KEEP
還元,2,3180,resolution *DIFF*,25,企業は利益の一部を社会に還元すべきだ。,결의,决心,DISCARD
勧告,2,1085,recommended,25,政府は会社に改善を勧告しました。,권고,建议,KEEP
勧告,2,3183,advice *DIFF*,25,政府は国民に健康に関する勧告を出した。,조언,建议,DISCARD
感染,2,1087,infected,25,私は風邪に感染しました。,감염,感染,KEEP
感染,2,3194,infection *DIFF*,25,新型コロナウイルスの感染拡大を防ぐため、手洗いが重要です。,감염,感染,DISCARD
犠牲,2,1090,sacrifice,25,平和のために、多くの犠牲がありました。,희생,牺牲,KEEP
犠牲,2,3401,sacrifice,25,彼らは平和のために多くの犠牲を払った。,희생,牺牲,DISCARD
脅迫,2,1094,threatened,25,彼は彼女を脅迫した。,협박,威胁,KEEP
脅迫,2,3358,threat *DIFF*,25,彼はその会社から脅迫を受けたと主張した。,위협,威胁,DISCARD
個性,2,1104,null,25,彼女は個性が強いです。,개성,个性,KEEP
個性,2,3652,individuality *DIFF*,25,彼の芸術作品には強い個性がある。,개성,个性,DISCARD
指示,2,1111,instructions,25,先生は生徒に指示を出します。,지시,指示,KEEP
指示,2,3874,indication *DIFF*,25,上司から新しいプロジェクトの指示を受けました。,징후,迹象,DISCARD
指摘,2,1112,pointed out,25,先生は私の間違いを指摘しました。,지적,指出,KEEP
指摘,2,3899,pointing out *DIFF*,25,彼は会議で私の提案の改善点を指摘した。,지적,指出,DISCARD
祝賀,2,1114,celebration,25,結婚の祝賀をします。,축하,庆典,KEEP
祝賀,2,3958,celebration,25,彼の昇進を祝賀するパーティーが盛大に開かれた。,축하,庆祝,DISCARD
衝撃,2,1115,shock,25,そのニュースは私に衝撃を与えました。,충격,冲击,KEEP
衝撃,2,3992,shock,25,そのニュースは私にとって大きな衝撃だった。,충격,震惊,DISCARD
承諾,2,1116,accepted,25,彼女は彼のプロポーズを承諾した。,승낙,接受,KEEP
承諾,2,4002,consent *DIFF*,25,上司からプロジェクトの続行に関する承諾を得ました。,동의,同意,DISCARD
措置,2,1123,Measures,25,会社は問題に対して適切な措置を取った。,조치,措施,KEEP
措置,2,4349,measure *DIFF*,25,政府は、サイバー攻撃から国民を守るための措置を講じた。,조치,措施,DISCARD
憎悪,2,1124,hateful,25,彼は憎悪の目で私を見た。,증오,憎恶,KEEP
憎悪,2,1982,hatred *DIFF*,25,彼は憎悪の目で私を見た。,증오,憎恨,DISCARD
沈黙,2,1131,silent,25,彼女は沈黙を守った。,침묵,沉默,KEEP
沈黙,2,4591,silence *DIFF*,25,彼の突然の沈黙は皆を驚かせた。,침묵,沉默,DISCARD
通常,2,1132,usually,25,通常、私は朝7時に起きます。,보통,通常,KEEP
通常,2,4601,common *DIFF*,25,通常、会議は午前9時に始まります。,흔한,常见的,DISCARD
逃走,2,1138,escape,25,犯人は車で逃走しました。,도주,逃走,KEEP
逃走,2,4748,flight *DIFF*,25,犯人は警察の追跡を逃れて逃走した。,도주,逃跑,DISCARD
悲鳴,2,1143,scream,25,彼女は暗闇の中で悲鳴をあげた。,비명,尖叫,KEEP
悲鳴,2,5202,shriek *DIFF*,25,彼女は恐怖で悲鳴を上げた。,비명,尖叫,DISCARD
無言,2,1148,silently,25,彼女は無言でうなずいた。,무언,默默,KEEP
無言,2,5559,silence *DIFF*,25,彼は私の質問に対して無言を貫いた。,침묵,沉默,DISCARD
歪曲,2,1155,distorted,25,彼は事実を歪曲した。,왜곡,歪曲,KEEP
歪曲,2,1993,distorted,25,彼は事実を歪曲した。,왜곡했다,歪曲,DISCARD
決まり悪い,2,1167,awkward,25,遅刻して、決まり悪かったです。,멋쩍었습니다,不好意思,KEEP
決まり悪い,2,3312,feeling awkward *DIFF*,25,みんなの前で間違えて、決まり悪かった。,어색한,尴尬,DISCARD
渋い,2,1171,bitter,25,彼のお茶は渋い。,떫다,涩,KEEP
渋い,2,3910,tasteful (clothing) *DIFF*,25,彼の着こなしはいつも渋くて、周りの人から一目置かれている。,세련된,有品味的,DISCARD
紛らわしい,2,1185,confusing,25,この二つの絵はとても紛らわしいです。,혼란스럽습니다,混淆,KEEP
紛らわしい,2,5454,confusing,25,あの二つの単語は意味が紛らわしいので、注意が必要です。,혼란스러운,令人困惑的,DISCARD
物凄い,2,1190,incredibly,25,物凄い雨が降っています。,엄청나게,非常,KEEP
物凄い,2,2082,incredibly,25,物凄い雨ですね。,엄청난,厉害,DISCARD
気楽,2,1196,relaxing,25,今日は気楽に過ごしたいです。,편안하게,轻松地,KEEP
気楽,2,3373,at ease *DIFF*,25,週末は家で気楽に過ごしたい。,편안하게,自在,DISCARD
真剣,2,1199,Serious,25,彼はいつも真剣に勉強します。,진지하게,认真,KEEP
真剣,2,1772,Serious,25,彼はいつも真剣に勉強します。,진지,认真,DISCARD
素敵,2,1200,lovely,25,この花は素敵ですね。,멋지네요,漂亮,KEEP
素敵,2,4190,lovely,25,今日は素敵な一日を過ごしました。,사랑스러운,美好的,DISCARD
華やか,2,1202,splendid,25,パーティーは華やかでした。,화려,华丽,KEEP
華やか,2,5097,gay *DIFF*,25,パーティーはとても華やかだった。,화려한,华丽,DISCARD
暇,2,1203,free,25,今日、暇です。,한가해요,有空,KEEP
暇,2,2770,free time *DIFF*,25,週末は暇なので、一緒に映画を見に行きませんか？,여가 시간,空闲时间,DISCARD
貧乏,2,1204,poor,25,私は貧乏です。,가난함,贫穷,KEEP
貧乏,2,5230,poverty *DIFF*,25,彼は貧乏だったが、いつも夢を追いかけていた。,빈곤,贫困,DISCARD
危ぶむ,2,1213,worried,25,雨が降りそうなので、試合の開催を危ぶむ。,걱정한다,担心,KEEP
危ぶむ,2,2648,to fear *DIFF*,25,彼の健康状態を危ぶむ声が医師たちの間から上がった。,두려워하다,害怕,DISCARD
営む,2,1214,run,25,私の父は店を営んでいます。,운영하고 있습니다,经营,KEEP
営む,2,2769,to carry on (e.g. in ceremony) *DIFF*,25,彼らは家族で小さな旅館を営んでいる。,거행하다,举行,DISCARD
恨む,2,1219,resenting,25,彼を恨むのはやめよう。,원망하는,恨,KEEP
恨む,2,2003,hate *DIFF*,25,私は彼を恨みます。,원망합니다,恨,DISCARD
訪れる,2,1223,visit,25,明日、友達の家を訪れます。,방문,拜访,KEEP
訪れる,2,2964,to visit *DIFF*,25,来年、日本を訪れる予定です。,방문하다,参观,DISCARD
帯びる,2,1224,takes on,25,その雲は少し赤みを帯びる。,띤다,带,KEEP
帯びる,2,2982,to wear *DIFF*,25,彼は剣を帯びていた。,입다,穿,DISCARD
重んじる,2,1225,value,25,私は友情を重んじる。,중시합니다,重视,KEEP
重んじる,2,2997,to respect *DIFF*,25,彼は常に約束を重んじる誠実な人です。,존중하다,尊重,DISCARD
包む,2,1232,Wrap,25,プレゼントを紙で包む。,포장하다,包,KEEP
包む,2,3450,to be engulfed in *DIFF*,25,深い霧がその村をすっぽりと包んでいた。,휩싸이다,被...笼罩,DISCARD
説く,2,1236,preach,25,先生は生徒に平和の大切さを説く。,설파한다,讲述,KEEP
説く,2,4766,to explain *DIFF*,25,彼は難しい理論を分かりやすく説いた。,설명하다,解释,DISCARD
慣れる,2,1239,getting used,25,日本での生活に慣れる。,익숙해지고,习惯,KEEP
慣れる,2,1966,get used to *DIFF*,25,日本での生活に慣れる。,익숙해질,习惯,DISCARD
葬る,2,1247,bury,25,秘密を心に葬る。,묻다,埋藏,KEEP
葬る,2,5374,to bury *DIFF*,25,彼らは亡くなった家族を静かに土に葬った。,묻다,埋,DISCARD
板挟み,2,1262,Caught between two opposing forces,25,私は両親の意見の板挟みです。,딜레마,夹在父母的意见之间,KEEP
板挟み,2,2160,caught between *DIFF*,25,私は両親の意見の板挟みです。,이러지도 저러지도 못하고,夹在父母的意见之间,DISCARD
大柄,2,1265,Large,25,彼は大柄です。,덩치가,魁梧,KEEP
大柄,2,2906,large build *DIFF*,25,彼は大柄な体格なので、遠くからでも目立つ。,큰 체격,身材魁梧,DISCARD
相場,2,1285,stock market,25,今日の株の相場はどうですか。,시세,股市行情,KEEP
相場,2,4331,market price *DIFF*,25,今日の株の相場を教えてください。,시장 가격,市场价格,DISCARD
問屋,2,1288,wholesaler,25,私は問屋で物を買います。,도매상,批发商,KEEP
問屋,2,4734,wholesale store *DIFF*,25,彼女は京都の古い着物の問屋で働いています。,도매점,批发店,DISCARD
尚更,2,1289,especially,25,雨が降っているから、尚更出かけたくない。,더더욱,更是,KEEP
尚更,2,4893,all the more *DIFF*,25,今日は寒いので、尚更温かいコーヒーが飲みたい。,더욱이,更是,DISCARD
人質,2,1293,hostage,25,犯人は人質を取りました。,인질,人质,KEEP
人質,2,5189,hostage,25,犯人は人質を解放するよう要求された。,인질,人质,DISCARD
返済,2,1295,repayment,25,毎月、銀行に返済します。,갚습니다,还款,KEEP
返済,2,5341,repayment,25,毎月のローンの返済が負担になっている。,상환,偿还,DISCARD
過剰,2,1309,excess,25,水の飲みすぎは過剰です。,과잉,过剩,KEEP
過剰,2,1768,excess,25,水の飲みすぎは過剰です。,과잉,过剩,DISCARD
街頭,2,1310,street,25,街頭で音楽を聞きます。,거리,街头,KEEP
街頭,2,3222,in the street *DIFF*,25,街頭で政治家が演説をしていた。,길거리에서,在街上,DISCARD
該当,2,1311,match,25,このリストに該当する人はいますか？,해당,符合,KEEP
該当,2,3221,corresponding *DIFF*,25,この条件に該当する応募者はいませんでした。,해당하는,相应,DISCARD
獲得,2,1312,won,25,彼は賞を獲得しました。,획득,获得,KEEP
獲得,2,3073,acquisition *DIFF*,25,彼は長年の努力の末、ついに念願のタイトルを獲得した。,획득,获得,DISCARD
携帯,2,1319,cell phone,25,これは私の携帯です。,휴대,手机,KEEP
携帯,2,3481,carrying something *DIFF*,25,私は常に鍵と財布を携帯している。,무언가를 휴대하다,携带某物,DISCARD
戸籍,2,1322,Family register,25,これは私の戸籍です。,호적,户籍,KEEP
戸籍,2,3653,census *DIFF*,25,彼は市役所で自分の戸籍を調べた。,인구 조사,人口普查,DISCARD
興奮,2,1324,excited,25,試合を見て、とても興奮しました。,흥분,兴奋,KEEP
興奮,2,3614,excitement *DIFF*,25,試合の最後の瞬間は、観客を**興奮**させた。,흥분,兴奋,DISCARD
襲撃,2,1327,attacked,25,遊園地が怪物に襲撃された。,습격,袭击,KEEP
襲撃,2,3945,attack *DIFF*,25,テロリストが警察署を襲撃した。,공격,袭击,DISCARD
柔軟,2,1328,flexible,25,体は柔軟です。,유연,柔软,KEEP
柔軟,2,4120,flexible,25,彼の考え方は非常に柔軟で、どんな状況にも対応できる。,유연한,灵活,DISCARD
証拠,2,1330,evidence,25,これが証拠です。,증거,证据,KEEP
証拠,2,3994,evidence,25,彼の無実を証明する証拠は何もない。,증거,证据,DISCARD
象徴,2,1332,symbol,25,鳩は平和の象徴です。,상징,象征,KEEP
象徴,2,4003,symbol,25,日本の桜は、春と美しさの象徴です。,상징,象征,DISCARD
潜入,2,1336,infiltrated,25,泥棒は夜に家へ潜入した。,잠입,潜入,KEEP
潜入,2,4293,infiltration *DIFF*,25,スパイは敵の基地に潜入した。,침투,渗透,DISCARD
訴訟,2,1337,lawsuit,25,彼は会社を訴訟しました。,소송,诉讼,KEEP
訴訟,2,4347,litigation *DIFF*,25,彼はその土地の所有権を巡って訴訟を起こした。,소송,诉讼,DISCARD
貯蓄,2,1339,saving,25,私は将来のために貯蓄をしています。,저축,储蓄,KEEP
貯蓄,2,4581,savings *DIFF*,25,将来のために貯蓄を増やすことが大切です。,저축,储蓄,DISCARD
沈没,2,4590,sinking,25,豪華客船が氷山に衝突し、沈没した。,침몰,沉没,KEEP
沈没,2,1340,sank *DIFF*,20,船が沈没しました,침몰,沉没,DISCARD
墜落,2,1341,crash,25,飛行機が墜落しました。,추락,坠落,KEEP
墜落,2,4598,falling *DIFF*,25,その飛行機は山中に墜落した。,떨어지는,落下,DISCARD
把握,2,1344,grasp,25,状況を把握しました。,파악,掌握了,KEEP
把握,2,5026,grasp,25,彼は現在の状況を正確に把握している。,파악하다,掌握,DISCARD
暴露,2,1346,exposed,25,秘密が暴露された。,폭로,暴露,KEEP
暴露,2,5140,disclosure *DIFF*,25,彼は会社の不正をマスコミに暴露した。,공개,披露,DISCARD
微笑,2,1348,smile,25,彼女は微笑みました。,미소,笑了,KEEP
微笑,2,5222,smile,25,彼女の優しい微笑に心が和んだ。,미소,微笑,DISCARD
閉鎖,2,1350,closed,25,学校は今日、閉鎖されました。,폐쇄,关闭,KEEP
閉鎖,2,5326,closing *DIFF*,25,その工場は先月、閉鎖された。,폐쇄,关闭,DISCARD
模索,2,1355,Search,25,新しい仕事を探して模索しています。,모색,摸索,KEEP
模索,2,5615,groping (for) *DIFF*,25,私たちは不確実な未来の中で、新しい働き方を模索している。,모색,摸索,DISCARD
融通,2,1356,flexible,25,銀行は少し融通がききます。,융통,融通性,KEEP
融通,2,5692,lending (money) *DIFF*,25,友人に急なお金の融通を頼んだ。,돈을 빌려주는 것,出借,DISCARD
厳しい,2,1364,strict,25,先生は厳しいです。,엄격합니다,严格的,KEEP
厳しい,2,1999,strict,25,先生は厳しいです。,엄격합니다,严格的,DISCARD
微か,2,1379,faint,25,微かに音が聞こえます。,희미하게,微弱,KEEP
微か,2,3096,faint,25,遠くから微かな音が聞こえた。,희미한,微弱,DISCARD
緩やか,2,1387,Gentle,25,坂は緩やかです。,완만,缓和,KEEP
緩やか,2,5711,lenient *DIFF*,25,この学校の校則は比較的緩やかだ。,관대한,宽容的,DISCARD
操る,2,1389,manipulate,25,彼女は人形を操る。,조종한다,操纵,KEEP
操る,2,2646,to manipulate *DIFF*,25,彼は言葉巧みに人々を操るのが得意だ。,조종하다,操纵,DISCARD
促す,2,1394,encourages,25,先生は学生に勉強を促す。,촉구합니다,鼓励,KEEP
促す,2,2832,to urge *DIFF*,25,政府は企業に対し、環境に配慮した製品開発を促した。,촉구하다,敦促,DISCARD
怠る,2,1396,neglect,25,宿題を怠ると、成績が悪くなります。,게을리하면,疏忽,KEEP
怠る,2,1515,neglect,25,宿題を怠ると、成績が悪くなります。,게을리하면,疏忽,DISCARD
襲う,2,1397,attack,25,台風が町を襲う。,덮친다,袭击,KEEP
襲う,2,2945,to attack *DIFF*,25,暗闇から何者かが私たちを襲った。,공격하다,攻击,DISCARD
衰える,2,1398,declines,25,年をとると、記憶力が衰える。,쇠퇴한다,衰退,KEEP
衰える,2,2968,to become weak *DIFF*,25,年を取ると体力は衰えるものだ。,약해지다,变弱,DISCARD
競う,2,1400,compete,25,私たちは運動会で競う。,경쟁한다,竞争,KEEP
競う,2,1810,compete,25,私たちは運動会で速さを競う。,겨룬다,竞争,DISCARD
悟る,2,1404,realize,25,彼はやっと自分の間違いを悟った。,깨달았다,意识到,KEEP
悟る,2,3790,to attain enlightenment *DIFF*,25,彼は長年の修行の末、ついに真理を悟った。,깨달음을 얻다,达到顿悟,DISCARD
慕う,2,1406,Admire,25,彼女は先生を慕う。,사모한다,仰慕,KEEP
慕う,2,3879,to yearn for *DIFF*,25,彼は故郷を慕う気持ちを抑えきれなかった。,갈망하다,渴望,DISCARD
染める,2,1407,dye,25,髪を茶色に染める。,염색,染,KEEP
染める,2,4366,to dye *DIFF*,25,彼女は髪を明るい色に染めることにした。,염색하다,染色,DISCARD
償う,2,1409,atone,25,彼は罪を償うために働きます。,보상하다,弥补,KEEP
償う,2,2271,atone,25,私はお金で罪を償う。,보상할,赎罪,DISCARD
老ける,2,1413,older,25,彼は最近老けて見えます。,늙어,老了,KEEP
老ける,2,5250,to age *DIFF*,25,彼はストレスのせいで、ずいぶん老けて見えます。,늙다,变老,DISCARD
誇る,2,1414,boasts,25,彼は速い車を誇る。,자랑한다,自豪,KEEP
誇る,2,5385,to boast of *DIFF*,25,彼は自分の会社の革新的な技術を誇っている。,자랑하다,夸耀,DISCARD
見逃す,2,1416,miss,25,テレビを見るのを見逃した。,놓쳤어요,错过,KEEP
見逃す,2,5541,to miss *DIFF*,25,重要なシーンを見逃さないように、しっかり見ていよう。,놓치다,错过,DISCARD
潜る,2,1417,dive,25,彼は海に潜る。,잠수,潜入,KEEP
潜る,2,3424,to drive *DIFF*,25,彼は素早く水中に潜るのが得意だ。,운전하다,开车,DISCARD
無効,2,1424,invalid,25,この切符は無効です。,무효,无效的,KEEP
無効,2,5558,invalid,25,このチケットは有効期限が切れており、無効です。,무효,无效,DISCARD
コミュニケーション,2,1429,communication,25,私たちはコミュニケーションを大切にします。,커뮤니케이션,沟通,KEEP
コミュニケーション,2,5883,communication,25,良好な人間関係を築くためには、お互いのコミュニケーションが非常に重要です。,의사소통,沟通,DISCARD
認識,2,1437,recognize,25,私はそれを認識しています。,인식,认识到,KEEP
認識,2,4971,recognition *DIFF*,25,私たちは問題の深刻さを認識すべきだ。,인정,认可,DISCARD
生かす,2,1443,Make use of,25,経験を仕事に生かす。,살리다,运用,KEEP
生かす,2,2690,to revive *DIFF*,25,廃れた伝統工芸の技術を現代に生かす方法を模索している。,되살리다,复兴,DISCARD
和らげる,2,1445,relieves,25,この薬は痛みを和らげる。,완화시켜,缓解,KEEP
和らげる,2,5682,to soften *DIFF*,25,緊張を和らげるために、彼女は深呼吸をした。,부드럽게 하다,软化,DISCARD
込める,2,1447,Put in,25,愛を込めて作りました。,담아,普京,KEEP
込める,2,3683,to include *DIFF*,25,心を込めて手紙を書きました。,포함하다,包括,DISCARD
差し支える,2,1448,inconvenient,25,もし都合が悪ければ、遠慮なく言ってください。差し支えなければ、手伝います。,지장이있다,不方便,KEEP
差し支える,2,3776,to interfere *DIFF*,25,仕事に差し支えるので、夜更かしはできません。,간섭하다,干涉,DISCARD
過労,2,1451,overwork,25,過労で倒れました。,과로,过度劳累,KEEP
過労,2,3160,overwork,25,彼は過労で倒れてしまった。,과로,过劳,DISCARD
規制,2,1453,traffic restrictions,25,この道は車の規制があります。,규제,管制,KEEP
規制,2,3284,regulation *DIFF*,25,政府は環境保護のために新たな規制を導入しました。,규제,规定,DISCARD
満場,2,1454,Full house,25,満場の拍手で迎えられた。,만장,全场,KEEP
満場,2,5502,unanimous *DIFF*,25,満場一致でその提案が可決された。,만장일치,一致,DISCARD
短縮,2,1457,shortened,25,会議の時間を短縮しました。,단축,缩短,KEEP
短縮,2,4481,shortening *DIFF*,25,作業時間を短縮するために、新しいツールを導入しました。,단축,缩短,DISCARD
参照,2,1458,refer,25,この資料を参照してください。,참조,参考,KEEP
参照,2,3813,reference *DIFF*,25,詳細については、マニュアルを参照してください。,참조,参考,DISCARD
有望,2,1460,promising,25,彼女は有望な歌手です。,유망,有希望的,KEEP
有望,2,5697,good prospects *DIFF*,25,彼の将来は非常に有望だ。,좋은 전망,良好前景,DISCARD
免れる,2,1462,excused,25,私は宿題を免れた。,면하다,免,KEEP
免れる,2,5487,to escape from *DIFF*,25,彼はその責任を免れることはできなかった。,~에서 탈출하다,逃离,DISCARD
長閑,2,1463,peaceful,25,春の日は長閑です。,한가롭습니다,tranquil,KEEP
長閑,2,5018,tranquil *DIFF*,25,長閑な午後、彼は庭で読書を楽しんだ。,고요한,宁静,DISCARD
配慮,2,1466,consideration,25,田中さんはいつも周りの人に配慮します。,배려,体谅,KEEP
配慮,2,5043,consideration,25,会議のスケジュールは、皆さんの都合に配慮して調整します。,고려,考虑,DISCARD
猛烈,2,1467,fierce,25,台風は猛烈な勢いで近づいています。,맹렬,猛烈,KEEP
猛烈,2,5610,violent *DIFF*,25,猛烈な嵐が街を襲った。,맹렬한,猛烈,DISCARD
良識,2,1468,good sense,25,良識のある人は、騒音を出しません。,양식,良识,KEEP
良識,2,5781,good sense,25,良識ある市民は、デマに惑わされることなく、冷静な判断を下すべきだ。,양식,常识,DISCARD
仕組み,2,1469,system,25,この会社には良い仕組みがあります。,시스템,机制,KEEP
仕組み,2,3864,devising *DIFF*,25,この機械の複雑な仕組みを理解するには時間がかかります。,고안,制定,DISCARD
明朗,2,1472,cheerful,25,彼女は明朗な人です。,명랑,开朗,KEEP
明朗,2,5585,bright *DIFF*,25,彼女はいつも明朗な性格で、周りの人を笑顔にする。,밝은,明亮,DISCARD
類推,2,1482,infer,25,彼女の行動から、彼の気持ちを類推できます。,유추,推断,KEEP
類推,2,5795,analogy *DIFF*,25,彼の議論は、過去のデータからの類推に基づいていた。,유추,类比,DISCARD
応急,2,1483,first aid,25,これは応急処置です。,응급,急救,KEEP
応急,2,2900,emergency *DIFF*,25,火災が発生した際は、まず応急処置として初期消火を試みてください。,비상,紧急情况,DISCARD
合間,2,1484,spare time,25,合間に本を読みます。,틈틈이,空闲时间,KEEP
合間,2,2569,interval *DIFF*,25,仕事の合間に、好きな本を少しずつ読んでいます。,간격,间隔,DISCARD
迅速,2,1485,quickly,25,田中さんは迅速に対応しました。,신속,迅速地,KEEP
迅速,2,4161,quick *DIFF*,25,迅速な対応が求められます。,신속한,迅速,DISCARD
対処,2,1486,deal,25,問題に対処します。,대처,处理,KEEP
対処,2,4402,deal with *DIFF*,25,私たちはこの緊急事態に迅速に対処する必要があります。,대처하다,处理,DISCARD
嵩張る,2,1487,bulky,25,この荷物は嵩張る。,부피가 크다,占地方,KEEP
嵩張る,2,3087,to be bulky *DIFF*,25,この荷物は嵩張るので、小さいバッグには入りません。,부피가 크다,体积大,DISCARD
軋む,2,1488,creak,25,古いドアが 軋む。,삐걱거린다,吱吱声,KEEP
軋む,2,3277,to jar *DIFF*,25,古い木の床が歩くたびに軋んだ。,충격을 주다,震动,DISCARD
わざわざ,2,1489,all the way,25,わざわざ来てくれてありがとう。,일부러,特意,KEEP
わざわざ,2,2177,all the way,25,わざわざ来てくれてありがとう。,일부러,特地,DISCARD
いっそ,2,1490,rather,25,いっそ、全部捨てよう。,차라리,干脆,KEEP
いっそ,2,2758,rather,25,こんなに大変なら、いっそやめてしまいたい。,차라리,宁愿,DISCARD
和やか,2,1492,friendly,25,会議は和やかな雰囲気でした。,화기애애한,和谐,KEEP
和やか,2,4900,mild *DIFF*,25,会議の雰囲気は終始、和やかでした。,온화한,温和,DISCARD
無難,2,1495,Safe,25,無難な選択をしました。,무난,稳妥,KEEP
無難,2,5306,safety *DIFF*,25,今回は無難な選択をして、リスクを避けることにした。,안전,安全,DISCARD
領域,2,1496,area,25,ここは私の専門の領域です。,영역,领域,KEEP
領域,2,5776,area,25,このプロジェクトは私の専門領域外です。,지역,区域,DISCARD
浪費,2,1498,wasting,25,お金の浪費はやめましょう。,낭비,浪费,KEEP
浪費,2,5808,waste *DIFF*,25,時間を浪費してはいけません。,낭비,浪费,DISCARD
運用,2,1499,operated,25,この機械は毎日運用します。,운용,运行,KEEP
運用,2,2860,making use of *DIFF*,25,当社の新しいITシステムは、来月から本格的に運用を開始します。,활용하다,利用,DISCARD
仕上げる,2,1501,finish,25,私は宿題を仕上げます。,끝낼,完成,KEEP
仕上げる,2,3839,to finish up *DIFF*,25,彼女は期日までに論文を仕上げることができた。,마무리하다,完成,DISCARD
行き違い,2,1503,miscommunication,25,電話の行き違いで、会えませんでした。,엇갈려서,失误,KEEP
行き違い,2,2701,misunderstanding *DIFF*,25,私たちの間で少し行き違いがあったようです。,오해,误解,DISCARD
大方,2,1506,Mostly,25,大方準備はできました。,대부분,大多,KEEP
大方,2,2905,perhaps *DIFF*,25,彼は大方、もう家に帰っただろう。,아마,也许,DISCARD
確保,2,1510,Secure,25,席を確保しました。,확보,确保了,KEEP
確保,2,3074,guarantee *DIFF*,25,災害時には、食料と水の確保が最優先事項です。,보증,保证,DISCARD
趣き,2,1512,charm,25,この庭には趣きがあります。,풍취,情趣,KEEP
趣き,2,1988,charm,25,この庭には趣きがあります。,운치,情趣,DISCARD
虚しい,2,1519,empty,25,一人でいると、少し虚しい。,허전하다,空虚,KEEP
虚しい,2,2085,empty,25,一人でいると、少し虚しい。,허전해요,空虚,DISCARD
無茶,2,1520,Reckless,25,そんな無茶をしないで。,무모한,乱来,KEEP
無茶,2,5570,absurd *DIFF*,25,そんな無茶な計画は成功するはずがない。,터무니없는,荒谬,DISCARD
ムード,2,1524,mood,25,いいムードですね。,분위기,气氛,KEEP
ムード,2,6010,mood,25,そのレストランはロマンチックなムードで、デートにぴったりだった。,기분,心情,DISCARD
介抱,2,1528,care,25,彼女を介抱します。,간호,照顾,KEEP
介抱,2,3043,nursing *DIFF*,25,彼女は病気の友人を献身的に介抱した。,간호,护理,DISCARD
傍ら,2,1529,While,25,彼女は先生の仕事をする傍ら、小説を書いています。,한편,的同时,KEEP
傍ら,2,3116,beside(s) *DIFF*,25,彼女はソファの傍らで本を読んでいた。,옆에,旁边,DISCARD
交わる,2,1530,met,25,道で友達と交わりました。,만났습니다,遇到,KEEP
交わる,2,5469,to cross *DIFF*,25,二つの道がこの地点で交わる。,건너다,穿过,DISCARD
練る,2,1532,knead,25,計画をよく練る。,짜다,考虑,KEEP
練る,2,4997,to knead *DIFF*,25,パン生地をよく練る必要があります。,반죽하다,揉,DISCARD
細やか,2,1535,delicate,25,彼女は細やかな気配りができる。,세심한,细致地,KEEP
細やか,2,3681,friendly *DIFF*,25,彼女の細やかな心遣いに、皆が感動した。,친절한,友好的,DISCARD
エレガント,2,1539,elegant,25,彼女はエレガントなドレスを着ています。,우아한,优雅的,KEEP
エレガント,2,5854,elegant,25,彼女はいつもエレガントな装いで、周りの人々を魅了する。,우아한,优雅,DISCARD
抗議,2,1540,protest,25,彼らはその決定に抗議しました。,항의,抗议,KEEP
抗議,2,3575,protest,25,彼らはその決定に強く抗議した。,항의,抗议,DISCARD
大胆,2,1542,bold,25,彼は大胆な計画を立てました。,대담한,大胆的,KEEP
大胆,2,4491,bold,25,彼女の大胆な行動は皆を驚かせた。,대담한,大胆,DISCARD
養成,2,1543,training,25,先生を養成する学校です。,양성,培养,KEEP
養成,2,5722,training,25,このプログラムは、次世代のリーダーを養成するために設計されています。,훈련,培训,DISCARD
唱える,2,1546,advocate,25,平和を唱える。,외친다,倡导,KEEP
唱える,2,4799,to recite *DIFF*,25,僧侶たちは毎朝、寺で経典を唱える。,낭송하다,朗诵,DISCARD
受け入れる,2,1547,accept,25,彼は謝罪を受け入れることにしました。,받아들이다,接受,KEEP
受け入れる,2,2805,to accept *DIFF*,25,新しい文化を学ぶために、異文化の習慣を受け入れることが大切です。,받아들이다,接受,DISCARD
粘る,2,1548,sticking,25,ガムが靴に粘る。,끈적거린다,粘,KEEP
粘る,2,4993,to be sticky *DIFF*,25,納豆はとても粘る食べ物だ。,끈적거리다,发黏,DISCARD
如何にも,2,1552,every inch,25,彼は如何にも学者という感じだ。,정말로,简直,KEEP
如何にも,2,2693,indeed *DIFF*,25,彼の話は如何にも本当らしい響きがあった。,정말,确实,DISCARD
きっぱりと,2,1553,firmly,25,いいえ、きっぱりと断りました。,단호하게,断然,KEEP
きっぱりと,2,1701,firmly,25,彼女は彼をきっぱりと断った。,딱 잘라,断然,DISCARD
ガレージ,2,1554,garage,25,私のガレージは大きいです。,차고,车库,KEEP
ガレージ,2,5872,garage (at house) *DIFF*,25,彼の新しい車は、家のガレージにいつもきれいに停められています。,차고,车库,DISCARD
反応,2,1555,reaction,25,薬に反応がありました。,반응,反应,KEEP
反応,2,5127,reaction,25,この薬は体にどんな反応を引き起こしますか？,반응,反应,DISCARD
過密,2,1556,densely populated,25,東京は人口が過密です。,과밀,密集,KEEP
過密,2,3147,crowded *DIFF*,25,都市部の人口過密は深刻な社会問題です。,붐비는,拥挤,DISCARD
見込み,2,1557,chances,25,成功の 見込み は 高い です。,가능성,可能性,KEEP
見込み,2,5516,hope *DIFF*,25,この計画は成功する見込みが高い。,희망,希望,DISCARD
概念,2,1558,concept,25,この概念は難しいです。,개념,概念,KEEP
概念,2,3223,general idea *DIFF*,25,この本は新しい哲学的な概念を提示している。,전반적인 생각,大致概念,DISCARD
棄権,2,1561,withdrew,25,わたしはびょうきでしあいを棄権しました。,기권,放弃,KEEP
棄権,2,3268,abstain from voting *DIFF*,25,彼は個人的な理由から投票を棄権した。,기권하다,弃权,DISCARD
ぞんざい,2,1563,Careless,25,彼は私をぞんざいに扱った。,함부로,粗暴地,KEEP
ぞんざい,2,4388,rude *DIFF*,25,彼は客に対してぞんざいな態度を取った。,무례한,粗鲁,DISCARD
心掛ける,2,1564,try,25,毎日、運動を心掛ける。,노력합니다,尽量,KEEP
心掛ける,2,3637,to bear in mind *DIFF*,25,健康的な生活を送るためには、バランスの取れた食事と適度な運動を心掛けましょう。,염두에 두다,牢记,DISCARD
デザイン,2,1569,design,25,この服のデザインが好きです。,디자인,设计,KEEP
デザイン,2,5950,design,25,この車のデザインはとても未来的です。,디자인,设计,DISCARD
権威,2,1570,authority,25,先生は学校で権威があります。,권위,权威,KEEP
権威,2,3517,authority,25,その教授は、その分野における学術的権威として広く認められている。,권위,权威,DISCARD
同感,2,1573,I agree,25,私もそう思います。同感です。,동감,我同意,KEEP
同感,2,4841,agreement *DIFF*,25,彼の意見には全く同感です。,합의,协议,DISCARD
視野,2,1574,field of view,25,広い視野を持つことは大切です。,시야,视野,KEEP
視野,2,3934,field of vision *DIFF*,25,運転中は常に広い視野を保つべきだ。,시야,视野,DISCARD
拗れる,2,1575,Complicated,25,けんかが拗れると、たいへんです。,꼬이면,复杂,KEEP
拗れる,2,3649,to get complicated *DIFF*,25,些細なことで話が拗れてしまい、二人の関係は悪化の一途を辿った。,복잡해지다,变得复杂,DISCARD
割り込む,2,1577,cut in line,25,列に割り込むのは良くないです。,새치기,插队,KEEP
割り込む,2,5830,to cut in *DIFF*,25,列に割り込むのはやめてください。,끼어들다,插队,DISCARD
あっさり,2,1579,Light,25,このスープはあっさりしています。,담백합니다,清淡,KEEP
あっさり,2,2620,easily *DIFF*,25,彼はその問題をあっさり解決した。,쉽게,轻易地,DISCARD
強いて,2,1580,If I had to say,25,強いて言うなら、コーヒーより紅茶が好きです。,굳이,如果非要说,KEEP
強いて,2,3842,by force *DIFF*,25,彼らはその扉を強いて開けた。,강제로,强行,DISCARD
おどおど,2,1581,timidly,25,彼はいつもおどおどしています。,우물쭈물,战战兢兢,KEEP
おどおど,2,2969,coweringly *DIFF*,25,初めての発表会で、彼はステージの隅でおどおどしていた。,움츠리며,畏缩地,DISCARD
フォーム,2,1583,Form,25,このウェブサイトには入力フォームがあります。,폼,表格,KEEP
フォーム,2,5984,foam *DIFF*,25,この枕は記憶フォームでできており、とても快適です。,거품,泡沫,DISCARD
模型,2,1586,model,25,これは飛行機の模型です。,모형,模型,KEEP
模型,2,5614,model,25,博物館には恐竜の骨格模型が展示されている。,모형,模型,DISCARD
断言,2,1587,assert,25,彼が成功すると断言できます。,단언,断言,KEEP
断言,2,4512,declaration *DIFF*,25,彼はその計画が成功すると断言した。,선언,声明,DISCARD
収容,2,1588,accommodate,25,そのホテルは100人を収容できます。,수용,容纳,KEEP
収容,2,3953,accommodation *DIFF*,25,災害時には、被災者を一時的に体育館に収容することがよくあります。,숙소,住宿,DISCARD
論理,2,1589,logic,25,彼の説明は論理的です。,논리,逻辑,KEEP
論理,2,5814,logic,25,彼の説明は一貫した論理に欠けている。,논리,逻辑,DISCARD
こつ,2,1590,Tips,25,成功のこつは、あきらめないことです。,비결,尖端,KEEP
こつ,2,1989,Tips,25,成功のこつは、あきらめないことです。,요령,尖端,DISCARD
負う,2,1591,take,25,私は責任を負う。,질,承担,KEEP
負う,2,2899,to bear *DIFF*,25,彼は会社の将来に対する責任を負っている。,짊어지다,承担,DISCARD
備わる,2,1592,equipped,25,この部屋にはエアコンが備わる。,갖춰져,配备,KEEP
備わる,2,4355,to be furnished with *DIFF*,25,彼は生まれつき優れた才能が備わっている。,갖추어져 있다,配备有,DISCARD
見苦しい,2,1596,unsightly,25,けんかをするのは見苦しいです。,보기흉합니다,不雅观,KEEP
見苦しい,2,5515,unsightly,25,そんな見苦しい真似はやめなさい。,보기 흉한,不雅观,DISCARD
データ,2,1598,data,25,これはデータです。,데이터,数据,KEEP
データ,2,5947,data,25,このプロジェクトでは、大量のデータ分析が必要です。,데이터,数据,DISCARD
頻繁,2,1599,frequently,25,メールを頻繁にチェックします。,빈번,经常,KEEP
頻繁,2,5220,frequency *DIFF*,25,彼は頻繁に海外出張に出かけます。,빈도,频率,DISCARD
規範,2,1600,Rules,25,学校には規範があります。,규범,规范,KEEP
規範,2,3304,model *DIFF*,25,彼は社会の規範に従って行動した。,모범,榜样,DISCARD
孤立,2,1601,isolated,25,彼はクラスで孤立しています。,고립,孤立,KEEP
孤立,2,3689,isolation *DIFF*,25,彼は一人でいることが好きで、しばしば他者との孤立を選びます。,고립,孤立,DISCARD
一連,2,1602,A series,25,一連の事件がありました。,일련,一连串,KEEP
一連,2,2752,a series,25,警察は一連の強盗事件を捜査している。,시리즈,一系列,DISCARD
同意,2,1605,Agree,25,私はその意見に同意します。,동의,同意,KEEP
同意,2,4839,agreement *DIFF*,25,この計画を進めるには、全員の同意が必要です。,합의,协议,DISCARD
生やす,2,1607,grow,25,庭に草を生やす。,자라게 하다,种,KEEP
生やす,2,5104,to grow *DIFF*,25,彼は冬の間、暖かくするために髭を生やしていた。,키우다,种植,DISCARD
心強い,2,1609,Reassuring,25,友達がいると、とても心強いです。,든든합니다,安心,KEEP
心強い,2,3640,heartening *DIFF*,25,経験豊富な先輩が一緒にいると、とても心強いです。,고무적인,令人振奋的,DISCARD
あえて,2,1610,deliberately,25,あえて、難しい本を選びました。,굳이,特意,KEEP
あえて,2,1845,on purpose *DIFF*,25,あえて言いません。,굳이,故意,DISCARD
大げさ,2,1611,exaggerating,25,彼はいつも大げさだ。,과장,夸大,KEEP
大げさ,2,2907,grandiose *DIFF*,25,彼はいつも話が大げさで、少し信用できないところがある。,과장된,浮夸的,DISCARD
サイズ,2,1613,size,25,この服のサイズは小さいです。,사이즈,尺寸,KEEP
サイズ,2,5891,size,25,この靴は私の足には少しサイズが大きいです。,크기,尺寸,DISCARD
自覚,2,1615,aware,25,私は自分の間違いを自覚しています。,자각,自觉,KEEP
自覚,2,4073,self-conscious *DIFF*,25,彼はプロとしての自覚が足りない。,남의 시선을 의식하는,难为情,DISCARD
連帯,2,1617,solidarity,25,私たちは連帯して問題を解決します。,연대,团结,KEEP
連帯,2,5803,solidarity,25,労働者たちは、賃金改善のために連帯してストライキを行った。,연대,团结,DISCARD
再発,2,1618,recurred,25,病気が再発しました。,재발,复发,KEEP
再発,2,3745,return *DIFF*,25,彼の病気が再発しないことを願っています。,돌아오다,返回,DISCARD
網,2,1619,net,25,これは魚を捕るための網です。,망,网,KEEP
網,2,2644,net,25,漁師は大きな網で魚を捕った。,그물,网,DISCARD
気品,2,1621,Elegance,25,彼女は気品があります。,기품,优雅,KEEP
気品,2,3305,aroma *DIFF*,25,彼女の立ち居振る舞いには気品がある。,향기,香气,DISCARD
弄る,2,1623,play,25,スマートフォンを弄る。,만지작거린다,摆弄,KEEP
弄る,2,2719,to touch *DIFF*,25,彼はいつもスマートフォンを弄っている。,만지다,摸,DISCARD
煙たい,2,1624,smoky,25,この部屋は少し煙たいです。,매캐합니다,烟,KEEP
煙たい,2,3511,smoky,25,この部屋は煙たくて、目が痛くなる。,연기 자욱한,烟雾弥漫的,DISCARD
きっちり,2,1626,exactly,25,私は毎日きっちり８時間働きます。,딱,точно,KEEP
きっちり,2,3296,precisely *DIFF*,25,彼はいつも約束の時間をきっちり守る人だ。,정확히,准确地,DISCARD
カンニング,2,1627,cheat,25,試験でカンニングをしてはいけません。,커닝,作弊,KEEP
カンニング,2,5869,cunning *DIFF*,25,試験中にカンニングをしているのが見つかり、その学生は0点になりました。,교활한,狡猾,DISCARD
ナンセンス,2,1628,Nonsense,25,そんな言い訳はナンセンスだ。,난센스,胡说八道,KEEP
ナンセンス,2,5963,nonsense,25,彼の提案は全くナンセンスだ。時間と労力の無駄だよ。,말도 안 되는 소리,胡说,DISCARD
愛想,2,1629,friendly,25,彼女はいつも愛想がいいです。,붙임성,友善,KEEP
愛想,2,2565,civility *DIFF*,25,あの店員は客に全く愛想がない。,정중함,礼貌,DISCARD
特技,2,1632,special skill,25,私の特技はピアノです。,특기,特长,KEEP
特技,2,4767,special skill,25,私の特技はピアノを弾くことです。,특기,特殊技能,DISCARD
密接,2,1633,Close,25,彼らは密接な関係です。,밀접,密切,KEEP
密接,2,5531,related *DIFF*,25,この二つの問題は密接に関係している。,관련된,相关的,DISCARD
教訓,2,1634,lesson,25,この失敗は良い教訓になりました。,교훈,教训,KEEP
教訓,2,3341,lesson,25,失敗から貴重な教訓を学んだ。,교훈,教训,DISCARD
健全,2,1635,sound,25,健全な精神は健全な肉体に宿る。,건전,健康,KEEP
健全,2,3523,health *DIFF*,25,健全な生活習慣は心身の健康を保つために重要です。,건강,健康,DISCARD
危害,2,1636,harm,25,タバコは健康に危害を及ぼす。,해,危害,KEEP
危害,2,3260,injury *DIFF*,25,子供に危害を加える行為は、決して許されるものではありません。,부상,伤害,DISCARD
自惚れる,2,1637,conceited,25,彼は自分の才能に自惚れている。,자만,自负,KEEP
自惚れる,2,1809,conceited,25,彼は自分の才能に自惚れている。,자만,自负,DISCARD
あやふや,2,1640,vague,25,記憶があやふやです。,흐릿합니다,模糊,KEEP
あやふや,2,2647,uncertain *DIFF*,25,彼の説明はあやふやで、よく理解できなかった。,불확실하다,不确定,DISCARD
形勢,2,1643,situation,25,試合の形勢は変わりやすいです。,형세,形势,KEEP
形勢,2,3479,condition *DIFF*,25,試合の形勢は不利になったが、選手たちは諦めなかった。,상태,状况,DISCARD
厳密,2,1644,Strict,25,厳密に言うと、それは少し違います。,엄밀,严格,KEEP
厳密,2,3554,strict,25,この実験は厳密な手順に従って行われた。,엄격한,严格,DISCARD
付録,2,1645,appendix,25,この雑誌には付録があります。,부록,附录,KEEP
付録,2,5286,appendix,25,この本の付録には、詳細なデータが記載されています。,부록,附录,DISCARD
未練,2,1648,lingering feelings,25,彼女に未練はないです。,미련,留恋,KEEP
未練,2,5546,lingering affection *DIFF*,25,彼はまだ彼女に未練があるようだ。,남아있는 애정,挥之不去的爱意,DISCARD
概説,2,1649,Overview,25,先生は歴史を概説しました。,개설,概括,KEEP
概説,2,3220,general statement *DIFF*,25,この本の冒頭には、全体の概説があります。,일반적인 진술,一般性声明,DISCARD
圏,2,1650,area,25,東京は首都圏です。,권,圈,KEEP
圏,2,3515,sphere *DIFF*,25,東京圏は人口が密集している。,영역,领域,DISCARD
取り次ぐ,2,1651,Transfer,25,電話を取り次ぎます。,연결,转接,KEEP
取り次ぐ,2,4825,to act as an agent for *DIFF*,25,秘書が社長に電話を取り次いだ。,대리인 역할을 하다,作为...的代理人,DISCARD
冴える,2,1652,clear,25,月が冴える。,맑다,清澈,KEEP
冴える,2,3751,to be clear *DIFF*,25,今夜は月が冴えていて、星がよく見える。,명확하다,清楚,DISCARD
スペース,2,1657,space,25,ここにスペースがあります。,공간,空间,KEEP
スペース,2,5915,space,25,この部屋には広いスペースがあるので、家具を置くことができます。,공간,空间,DISCARD
明白,2,1658,obvious,25,それは明白です。,명백,明白,KEEP
明白,2,2580,obvious,25,彼の潔白は誰の目にも明白だった。,명백한,明显的,DISCARD
野心,2,1659,ambition,25,彼には大きな野心があります。,야심,野心,KEEP
野心,2,5662,ambition,25,彼は大きな野心を持って世界を変えようとしている。,야망,抱负,DISCARD
頑固,2,1661,stubborn,25,父はとても頑固です。,완고,顽固,KEEP
頑固,2,3246,stubbornness *DIFF*,25,彼は非常に頑固な性格なので、なかなか意見を変えません。,고집,固执,DISCARD
起伏,2,1662,ups and downs,25,この道は起伏が多いです。,기복,起伏,KEEP
起伏,2,3307,undulation *DIFF*,25,この地域の地形は起伏に富んでおり、美しい景色を作り出している。,기복,起伏,DISCARD
補充,2,1663,replenish,25,水を補充してください。,보충,补充,KEEP
補充,2,5393,supplementation *DIFF*,25,消耗品の補充を忘れずに行ってください。,보충,补充,DISCARD
統合,2,1664,merged,25,二つの会社は統合しました。,통합,合并了,KEEP
統合,2,4742,integration *DIFF*,25,複数のシステムを統合することで、効率が向上した。,통합,整合,DISCARD
打開,2,1665,break,25,問題点を打開するために、話し合いましょう。,타개,打破,KEEP
打開,2,4497,break in the deadlock *DIFF*,25,長引く交渉の打開には、双方の譲歩が不可欠だ。,교착 상태의 돌파구,打破僵局,DISCARD
興じる,2,1667,enjoy,25,子供たちは庭で遊戯に興じる。,즐거워한다,兴致勃勃地,KEEP
興じる,2,3352,to amuse oneself *DIFF*,25,子供たちは、新しいゲームに興じて時間を忘れていた。,재미있게 놀다,自娱自乐,DISCARD
疎か,2,1669,Neglect,25,勉強を疎かにすると、成績が悪くなります。,소홀히,疏忽,KEEP
疎か,2,3011,neglect,25,彼は最近、健康管理が疎かだ。,소홀히 하다,忽视,DISCARD
セレモニー,2,1672,ceremony,25,入学式は大切なセレモニーです。,세레모니,仪式,KEEP
セレモニー,2,5921,ceremony,25,卒業セレモニーは感動的な瞬間でした。,의식,仪式,DISCARD
便宜,2,1674,null,25,この店の商品は、とても便宜です。,null,便宜,KEEP
便宜,2,5346,convenience *DIFF*,25,お客様の便宜を図るため、無料送迎バスをご用意しております。,편의,方便,DISCARD
進呈,2,1678,Present,25,社長は社員に記念品を進呈しました。,진정,赠送,KEEP
進呈,2,4059,presentation *DIFF*,25,長年の貢献を称え、彼に特別な感謝状を進呈した。,발표,演示,DISCARD
名誉,2,1679,honor,25,彼は名誉のために戦った。,명예,荣誉,KEEP
名誉,2,5583,honor,25,彼の長年の努力が実を結び、チームに名誉をもたらした。,명예,荣誉,DISCARD
処置,2,1680,treated,25,医者は怪我に処置をしました。,처치,处理,KEEP
処置,2,4017,treatment *DIFF*,25,傷口の応急処置をすぐにしてください。,치료,治疗,DISCARD
察する,2,1681,guess,25,彼女は私の気持ちを察する。,짐작한다,察觉,KEEP
察する,2,3785,to guess *DIFF*,25,彼女の表情から、彼女が怒っていることを察した。,추측하다,猜,DISCARD
弾く,2,1683,bounces,25,ボールが地面を弾く。,튕긴다,弹跳,KEEP
弾く,2,5067,to flip *DIFF*,25,コインを弾いて、どちらが先に始めるか決めよう。,던지다,抛,DISCARD
到底,2,1686,at all,25,私は日本語が到底上手ではありません。,도저히,到底,KEEP
到底,2,4751,(cannot) possibly *DIFF*,25,こんな難しい問題は、私には到底解けない。,도저히,根本不可能,DISCARD
ジャンル,2,1687,Genre,25,この本はどんなジャンルですか。,장르,类型,KEEP
ジャンル,2,5906,genre,25,この本はどのジャンルに属しますか？,장르,类型,DISCARD
革新,2,1689,innovation,25,この会社はいつも革新を求めています。,혁신,创新,KEEP
革新,2,3071,reform *DIFF*,25,その企業は常に技術革新を追求している。,개혁,改革,DISCARD
介入,2,1690,intervene,25,先生は生徒のけんかに介入しませんでした。,개입,介入,KEEP
介入,2,3040,intervention *DIFF*,25,政府は市場への不必要な介入を避けるべきだ。,개입,干预,DISCARD
向上,2,1691,improve,25,日本語の能力を向上させたいです。,향상,提高,KEEP
向上,2,3592,elevation *DIFF*,25,彼の日本語能力は飛躍的に向上した。,승진,晋升,DISCARD
切実,2,1692,desperate,25,彼女は仕事がなくて、生活が切実です。,절실,迫切,KEEP
切実,2,4268,compelling *DIFF*,25,彼の訴えは、社会の不公平に対する切実な思いが込められていた。,설득력 있는,令人信服的,DISCARD
誇張,2,1694,exaggerated,25,彼の話は少し誇張されています。,과장,夸张,KEEP
誇張,2,3661,exaggeration *DIFF*,25,彼の話にはいつも少し誇張が含まれている。,과장,夸张,DISCARD
意欲,2,1695,motivated,25,彼は新しい仕事に意欲があります。,의욕,意欲,KEEP
意欲,2,2785,will *DIFF*,25,彼は仕事に対する意欲が非常に高いです。,의지,意志,DISCARD
心得,2,1696,keep in mind,25,運転する時、安全第一を心得てください。,명심하세요,记住,KEEP
心得,2,3635,knowledge *DIFF*,25,新入社員は仕事の心得を学ぶ必要がある。,지식,知识,DISCARD
明かす,2,1697,reveal,25,秘密を明かすな。,밝히다,泄露,KEEP
明かす,2,2578,to pass *DIFF*,25,私たちは夜通し語り明かした。,지나가다,经过,DISCARD
すばしこい,2,1699,nimble,25,ねこはすばしこいです。,잽싸다,敏捷,KEEP
すばしこい,2,4192,nimble,25,その泥棒はすばしこくフェンスを乗り越えて逃げ去った。,민첩한,敏捷,DISCARD
ファイト,2,1702,Fight,25,明日もファイト！,화이팅,加油,KEEP
ファイト,2,5979,fight,25,明日の試合、ファイトで頑張ろう！,싸움,战斗,DISCARD
身なり,2,1704,Appearance,25,彼はいつもきちんとした身なりをしています。,모습,穿着,KEEP
身なり,2,5539,personal appearance *DIFF*,25,彼はいつも身なりに気を遣っていて、清潔感がある。,외모,个人形象,DISCARD
振り出し,2,1705,square one,25,雨が止んで、振り出しに戻った。,출발점,起点,KEEP
振り出し,2,5282,outset *DIFF*,25,計画は失敗に終わり、全てが振り出しに戻った。,시작,开端,DISCARD
選考,2,1706,screening,25,書類選考の結果が出ました。,심사,筛选,KEEP
選考,2,4281,selection *DIFF*,25,新入社員の選考プロセスは非常に厳しいです。,선발,选拔,DISCARD
辻褄,2,1708,sense,25,彼の話は辻褄が合わない。,앞뒤,前后矛盾,KEEP
辻褄,2,4624,coherence *DIFF*,25,彼の話は辻褄が合わず、何が真実なのか判断できなかった。,일관성,连贯性,DISCARD
破棄,2,1709,discarded,25,古い書類を破棄しました。,파기,丢弃,KEEP
破棄,2,5053,revocation *DIFF*,25,彼は契約を破棄する決定を下した。,철회,撤销,DISCARD
壮大,2,1710,grand,25,その映画はとても壮大でした。,웅장했습니다,壮大,KEEP
壮大,2,4328,magnificent *DIFF*,25,そのオペラのフィナーレは、壮大なスケールで観客を圧倒した。,웅장한,壮丽,DISCARD
設立,2,1711,established,25,新しい会社を設立しました。,설립,成立,KEEP
設立,2,4271,establishment *DIFF*,25,来月、新しい支店を設立する予定です。,설립,设立,DISCARD
手遅れ,2,1712,Too late,25,今からでは、もう手遅れです。,늦었습니다,晚了,KEEP
手遅れ,2,4672,too late,25,医者が到着した時には、もう助けるには手遅れだった。,너무 늦었다,太晚了,DISCARD
一息,2,1713,break,25,ここで一息つきましょう。,숨,休息,KEEP
一息,2,5185,puffy *DIFF*,25,長い会議の後、やっと一息つくことができた。,부은,浮肿的,DISCARD
貧弱,2,1714,weak,25,彼の体は貧弱です。,빈약,贫弱,KEEP
貧弱,2,5219,poor *DIFF*,25,彼のプレゼンテーションは内容が貧弱だった。,가난한,贫穷,DISCARD
規格,2,1716,standard,25,この製品は新しい規格に合っています。,규격,规格,KEEP
規格,2,3256,standard,25,この製品は、厳格な品質規格を満たしています。,표준,标准,DISCARD
持て成す,2,1719,entertain,25,友達を家で持て成す。,대접할,招待,KEEP
持て成す,2,5629,to entertain *DIFF*,25,私たちは遠方からのお客様を温かく持て成した。,접대하다,招待,DISCARD
一挙に,2,1726,All at once,25,彼は一挙にケーキを食べました。,일거에,一下子,KEEP
一挙に,2,2755,at a stroke *DIFF*,25,新しいシステムは、全ての問題を一挙に解決した。,한번에,一举,DISCARD
ぶらぶら,2,1727,stroll leisurely,25,公園をぶらぶら歩きます。,어슬렁어슬렁,闲逛,KEEP
ぶらぶら,2,5309,dangle heavily *DIFF*,25,熟した柿が枝からぶらぶらと下がっている。,무겁게 매달리다,沉重地垂着,DISCARD
どうにか,2,1728,somehow,25,どうにか間に合った。,겨우,总算,KEEP
どうにか,2,4858,in some way or other *DIFF*,25,どうにかこのプロジェクトを期限までに終わらせなければならない。,어떤 식으로든,以某种方式,DISCARD
且つ,2,1729,and also,25,彼は頭が良く、且つ親切です。,또한,而且,KEEP
且つ,2,3122,yet *DIFF*,25,彼は研究者であり、且つ優秀な教育者でもある。,그러나,然而,DISCARD
デザート,2,1730,Dessert,25,私はデザートを食べます。,디저트,甜点,KEEP
デザート,2,5949,dessert,25,デザートは別腹だとよく言われますね。,디저트,甜点,DISCARD
ロマンチック,2,1732,romantic,25,夜景はとてもロマンチックです。,로맨틱,浪漫,KEEP
ロマンチック,2,6036,romantic,25,あのレストランのロマンチックな雰囲気はデートにぴったりです。,낭만적인,浪漫的,DISCARD
円滑,2,1733,Smooth,25,会議を円滑に進めましょう。,원활,顺利,KEEP
円滑,2,2878,harmony *DIFF*,25,会議が円滑に進むよう、事前に議題を共有しました。,조화,和谐,DISCARD
結束,2,1735,unity,25,チームの結束は強いです。,결속,团结,KEEP
結束,2,3502,union *DIFF*,25,チームの結束が勝利に繋がった。,연합,联盟,DISCARD
報じる,2,1740,report,25,テレビでニュースを報じる。,보도된다,报道,KEEP
報じる,2,5368,to inform *DIFF*,25,新聞が最新のニュースを報じる。,알리다,告知,DISCARD
やんわり,2,1742,Gently,25,先生はやんわりと注意した。,부드럽게,委婉地,KEEP
やんわり,2,1888,gentle *DIFF*,25,先生はやんわりと注意した。,살며시,委婉地,DISCARD
フォロー,2,1744,Follow,25,彼女をフォローします。,따라갈,关注,KEEP
フォロー,2,1945,Follow,25,彼女をフォローします。,팔로우,关注,DISCARD
実情,2,1747,actual state,25,会社の経営の実情を知りたいです。,실정,实情,KEEP
実情,2,4104,real condition *DIFF*,25,彼の国の実情を知りたい。,실상,实际情况,DISCARD
意地,2,1756,stubborn,25,意地を張らないで。,고집,固执,KEEP
意地,2,2716,disposition *DIFF*,25,彼は一度決めたことは、意地でもやり遂げる。,기질,性格,DISCARD
世論,2,1761,public opinion,25,世論は大切です。,여론,舆论,KEEP
世論,2,4273,public opinion,25,政府は世論に耳を傾けるべきだ。,여론,公众舆论,DISCARD
窮屈,2,1762,cramped,25,この部屋は少し窮屈です。,갑갑합니다,拥挤,KEEP
窮屈,2,3322,narrow *DIFF*,25,この狭い空間では、体が窮屈に感じる。,좁은,窄,DISCARD
廃棄,2,1764,Discard,25,古い本を廃棄します。,폐기,丢弃,KEEP
廃棄,2,5028,annullment *DIFF*,25,古いデータはすべて、セキュリティ上の理由から定期的に廃棄されます。,무효화,撤销,DISCARD
悼む,2,1778,mourn,25,私たちは彼の死を悼む。,애도한다,悼念,KEEP
悼む,2,2035,mourn,25,人々は彼の死を悼む。,애도한다,悼念,DISCARD
拝む,2,1780,pray,25,神社で神様を拝む。,기도합니다,祈祷,KEEP
拝む,2,2026,pray,25,神社で神様を拝む。,기도해요,祈祷,DISCARD
誤る,2,1781,take the wrong path,25,道を誤ると、迷子になります。,잘못,走错路,KEEP
誤る,2,2650,to make a mistake *DIFF*,25,人は誰でも判断を誤ることがある。,실수하다,犯错误,DISCARD
翻す,2,1783,turn,25,本を翻す。,넘기다,翻,KEEP
翻す,2,2267,Flip *DIFF*,25,本を翻す。,뒤집다,翻阅,DISCARD
瀬戸際,2,1785,brink,25,会社は瀬戸際です。,벼랑 끝,边缘,KEEP
瀬戸際,2,2333,brink,25,会社は瀬戸際です。,벼랑 끝,危急关头,DISCARD
精巧,2,1792,elaborate,25,これはとても精巧な人形です。,정교,精巧,KEEP
精巧,2,4221,elaborate,25,その時計は精巧な作りで、細部まで美しかった。,정교한,精巧,DISCARD
物議,2,1796,controversy,25,そのニュースは物議をかもしました。,물의,争议,KEEP
物議,2,5303,public discussion (criticism) *DIFF*,25,彼の突然の辞任は、大きな物議を醸した。,논란,争议,DISCARD
無口,2,1798,taciturn,25,彼は無口です。,과묵합니다,沉默寡言,KEEP
無口,2,5555,reticence *DIFF*,25,彼は無口な性格だが、仕事はいつも丁寧だ。,과묵,寡言,DISCARD
理屈,2,1800,reason,25,彼の理屈はちょっと変です。,논리,理由,KEEP
理屈,2,5761,theory *DIFF*,25,彼の説明は理屈は通っているが、現実的ではない。,이론,理论,DISCARD
善し悪し,2,1802,good or bad,25,このりんごの善し悪しを見てください。,좋고 나쁨,好坏,KEEP
善し悪し,2,5740,good or bad,25,人の善し悪しは見た目だけでは判断できません。,좋고 나쁨,好坏,DISCARD
顧みる,2,1805,reflect,25,過去を顧みる。,되돌아본다,回顾,KEEP
顧みる,2,3049,to look back *DIFF*,25,過去を顧みることで、未来への教訓が得られる。,되돌아보다,回顾,DISCARD
鍛える,2,1806,exercise,25,毎日、体を鍛える。,단련,锻炼,KEEP
鍛える,2,3288,to forge *DIFF*,25,彼は毎日体を鍛えている。,단련하다,锻造,DISCARD
凌ぐ,2,1807,avoid,25,雨を凌ぐために、店に入りました。,피하기,避雨,KEEP
凌ぐ,2,3904,to outdo *DIFF*,25,彼は競争相手を凌ぐために、毎日懸命に練習した。,능가하다,超越,DISCARD
ぼやく,2,1814,complains,25,彼はいつも仕事についてぼやく。,불평한다,抱怨,KEEP
ぼやく,2,5439,to grumble *DIFF*,25,彼はいつも給料が安いとぼやいている。,투덜거리다,嘀咕,DISCARD
世知辛い,2,1834,hard,25,世知辛い世の中ですが、頑張りましょう。,세상살이,世道艰难,KEEP
世知辛い,2,2301,tough *DIFF*,25,世知辛い世の中ですが、頑張りましょう。,야박하다,艰难的,DISCARD
健やか,2,1839,healthy,25,赤ちゃんは健やかに育っています。,건강하게,健康,KEEP
健やか,2,4183,vigorous *DIFF*,25,子供たちが健やかに成長することを願っています。,활기찬,充满活力的,DISCARD
あたかも,2,1843,As if,25,彼女はあたかも天使のように見えます。,마치,好像,KEEP
あたかも,2,2326,As if,25,彼女はあたかも天使のように見えます。,마치,好像,DISCARD
しいて,2,1846,If I had to say,25,しいて言うなら、これが好きです。,굳이,如果非要说,KEEP
しいて,2,2138,If I had to say,25,しいて言うなら、私は犬が好きです。,굳이,如果非要说,DISCARD
儚い,2,1853,fleeting,25,子供の夢は儚い。,덧없다,虚幻,KEEP
儚い,2,2042,ephemeral *DIFF*,25,桜の花は儚い。,덧없다,虚幻的,DISCARD
騒がしい,2,1864,noisy,25,学校はいつも騒がしいです。,소란스럽다,嘈杂,KEEP
騒がしい,2,2076,noisy,25,教室はとても騒がしいです。,소란스럽다,嘈杂,DISCARD
しなやか,2,1865,flexible,25,彼女の体はしなやかです。,유연합니다,柔软,KEEP
しなやか,2,2192,graceful *DIFF*,25,彼女のダンスはしなやかです。,유연합니다,优美,DISCARD
重宝,2,1868,Very useful,25,このペンはとても重宝しています。,유용하게,非常有用,KEEP
重宝,2,4122,priceless treasure *DIFF*,25,この多機能ペンは、会議中にメモを取るのにとても重宝しています。,무가지보,无价之宝,DISCARD
極めて,2,1872,extremely,25,この本は極めて面白いです。,매우,极其,KEEP
極めて,2,3383,exceedingly *DIFF*,25,この技術は極めて画期的な進歩だ。,극도로,极其,DISCARD
うっとり,2,1873,entranced,25,彼女は美しい音楽にうっとりしている。,넋을 잃고,陶醉,KEEP
うっとり,2,2105,entranced,25,彼女は音楽にうっとりしている。,넋을 잃고,沉醉,DISCARD
徐に,2,1877,Slowly,25,彼は徐に立ち上がった。,서서히,慢慢地,KEEP
徐に,2,2309,Slowly,25,彼は徐に立ち上がった。,서서히,慢慢地,DISCARD
足が出る,2,1891,went over budget,25,旅行でお土産をたくさん買って、足が出ました。,초과 지출했어요,超支了,KEEP
足が出る,2,2114,over budget *DIFF*,25,旅行で足が出ました。,적자가,超支,DISCARD
まちまち,2,1905,vary,25,意見は人によってまちまちです。,각각,各不相同,KEEP
まちまち,2,2312,vary,25,意見は人によってまちまちです。,각각,不一样,DISCARD
呆気に取られる,2,1919,taken aback,25,突然の出来事に、彼は呆気に取られた。,어안이 벙벙해졌다,感到吃惊,KEEP
呆気に取られる,2,2113,taken aback,25,突然の出来事に、彼は呆気に取られた。,어안이 벙벙해졌다,惊呆,DISCARD
途方に暮れる,2,1920,at a loss,25,道に迷って、途方に暮れた。,어찌할 바를 몰랐다,不知所措,KEEP
途方に暮れる,2,2112,at a loss,25,道に迷って、途方に暮れた。,어찌할 바를 몰랐다,不知所措,DISCARD
反故にする,2,1927,break,25,約束を反故にするのは良くない。,백지화하다,违背,KEEP
反故にする,2,2314,break,25,約束を反故にするのは良くない。,어기는,违背,DISCARD
カルチャー,2,1929,Culture,25,日本のカルチャーが好きです。,문화,文化,KEEP
カルチャー,2,2167,Culture,25,日本には特別なカルチャーがあります。,문화,文化,DISCARD
リストラ,2,1937,restructuring,25,会社はリストラをしました。,구조조정,裁员,KEEP
リストラ,2,2165,restructuring,25,会社はリストラをしました。,구조조정,裁员,DISCARD
ドリル,2,1938,drill,25,私はドリルで穴を開けます。,드릴,钻头,KEEP
ドリル,2,5960,drill,25,壁に穴を開けるためにドリルを使いました。,드릴,电钻,DISCARD
カルテ,2,1940,medical chart,25,先生はカルテを見ました。,진료 기록,病历,KEEP
カルテ,2,5868,(de:) (n) clinical records (de: Karte) *DIFF*,25,看護師は患者のカルテに新しい情報を記入した。,진료 기록,病历,DISCARD
ジレンマ,2,1941,dilemma,25,お金が欲しいけど、働きたくない。ジレンマだ。,딜레마,进退两难,KEEP
ジレンマ,2,2124,dilemma,25,どちらを選んでも悪い結果になる、ジレンマだ。,딜레마,困境,DISCARD
モラル,2,1944,morality,25,モラルを守ることは大切です。,도덕,德,KEEP
モラル,2,2123,morals *DIFF*,25,モラルを守ることは大切です。,모럴,德,DISCARD
コスト,2,1946,cost,25,この車はコストが高いです。,비용,成本,KEEP
コスト,2,2164,cost,25,この車はコストが高いです。,비용,成本,DISCARD
捗る,2,1952,progressing,25,勉強が捗る。,진행된다,进展,KEEP
捗る,2,5048,to make progress *DIFF*,25,今日は集中できたので、仕事がとても捗った。,진전을 보이다,取得进展,DISCARD
じっくり,2,1965,carefully,25,この本をじっくり読んでください。,꼼꼼히,仔细,KEEP
じっくり,2,4096,deliberately *DIFF*,25,この問題については、じっくりと考えてから結論を出したいです。,의도적으로,故意,DISCARD
面倒だ,2,1970,pain,25,宿題は面倒だ。,귀찮다,麻烦,KEEP
面倒だ,2,2046,troublesome *DIFF*,25,宿題はちょっと面倒だ。,귀찮다,麻烦,DISCARD
ヒント,2,1976,hint,25,これ は ヒント です。,힌트,提示,KEEP
ヒント,2,5976,hint,25,試験のヒントを教えてください。,힌트,提示,DISCARD
言い訳,2,1987,excuse,25,彼はいつも言い訳をします。,변명,借口,KEEP
言い訳,2,2686,excuse,25,彼は遅刻の言い訳ばかりしている。,변명,借口,DISCARD
阻止,2,1992,prevented,25,警察は犯罪を阻止した。,저지했다,阻止,KEEP
阻止,2,4345,obstruction *DIFF*,25,警察はデモ隊が道路を封鎖するのを阻止した。,방해,阻碍,DISCARD
閉口,2,1994,exasperated,25,彼の言い訳には閉口した。,질렸어요,无语,KEEP
閉口,2,5324,shut mouth *DIFF*,25,彼の延々と続く愚痴には閉口した。,입 다물다,闭嘴,DISCARD
体裁,2,1998,Appearance,25,彼は体裁を気にする。,체면,面子,KEEP
体裁,2,4663,decency *DIFF*,25,彼は人前で体裁を保つために嘘をついた。,품위,礼仪,DISCARD
比率,2,2004,ratio,25,男女の比率は半々です。,비율,比例,KEEP
比率,2,5211,ratio,25,今年の売上高に対する利益の比率は昨年より改善されました。,비율,比例,DISCARD
趣旨,2,2008,Purpose,25,会議の趣旨は重要です。,취지,宗旨,KEEP
趣旨,2,3964,object *DIFF*,25,この会議の趣旨は、今後の計画について話し合うことです。,목적,目的,DISCARD
慌ただしい,2,2012,Hectic,25,朝はいつも慌ただしいです。,정신없습니다,匆忙,KEEP
慌ただしい,2,2672,busy *DIFF*,25,朝はいつも慌ただしいので、ゆっくりと朝食を食べる時間がない。,바쁘다,忙,DISCARD
面目,2,2020,face,25,先生に面目ないです。,면목,脸,KEEP
面目,2,5602,face,25,彼の失敗はチームの面目を失わせた。,얼굴,脸,DISCARD
滞る,2,2021,delayed,25,支払いが滞る。,지연되다,滞后,KEEP
滞る,2,4795,to stagnate *DIFF*,25,家賃の支払いが滞ると、生活に支障が出る可能性がある。,정체되다,停滞,DISCARD
尊い,2,2044,precious,25,あなたの笑顔は尊いです。,소중합니다,珍贵,KEEP
尊い,2,4441,precious,25,命は尊いものであり、大切にしなければならない。,소중한,珍贵的,DISCARD
月並み,2,2052,Commonplace,25,月並みなアイデアですね。,평범한,普通,KEEP
月並み,2,4611,every month *DIFF*,25,彼のスピーチはいつも月並みな内容で、聴衆を飽きさせてしまう。,매달,每个月,DISCARD
滞納,2,2053,arrears,25,税金の滞納は問題です。,체납,拖欠,KEEP
滞納,2,4408,non-payment *DIFF*,25,家賃の滞納が続いたため、最終的に強制退去となってしまった。,미납,未付款,DISCARD
崇拝,2,2061,worship,25,彼はアイドルを崇拝しています。,숭배합니다,崇拜,KEEP
崇拝,2,4174,worship,25,多くの人々は古代の神々を崇拝していました。,숭배하다,崇拜,DISCARD
騙す,2,2063,swindles,25,彼はお金を騙す。,속여,骗,KEEP
騙す,2,4507,to trick *DIFF*,25,人を騙してはいけません。,속이다,欺骗,DISCARD
挑戦,2,2069,challenge,25,新しい仕事に挑戦します。,도전,挑战,KEEP
挑戦,2,4570,challenge,25,彼は新たなキャリアに挑戦することを決めた。,도전,挑战,DISCARD
食い違う,2,2094,contradict,25,二人の証言は食い違う。,엇갈린다,不一致,KEEP
食い違う,2,3418,to cross each other *DIFF*,25,二人の証言が食い違っており、真実がどこにあるのか分からなかった。,교차하다,相交,DISCARD
丸で,2,2130,Just like,25,彼女は丸で人形のようです。,마치,一样,KEEP
丸で,2,5498,quite *DIFF*,25,彼は丸で別人のように振る舞った。,꽤,相当,DISCARD
粋,2,2150,Stylish,25,彼のかばんは粋だ。,세련,潇洒,KEEP
粋,2,2697,chic *DIFF*,25,彼女の着物姿はとても粋で、皆の目を引いた。,세련된,别致,DISCARD
危機,2,2161,crisis,25,会社は危機です。,위기,危机,KEEP
危機,2,3263,crisis,25,世界は深刻な食料危機に直面している。,위기,危机,DISCARD
コメント,2,2166,comment,25,コメントありがとうございます。,댓글,评论,KEEP
コメント,2,5884,comment,25,その記事にコメントを残しました。,댓글,评论,DISCARD
経費,2,2168,Expenses,25,会議の経費は1万円です。,경비,经费,KEEP
経費,2,3484,expenses,25,出張の交通費は会社の経費でまかなわれます。,경비,费用,DISCARD
極端,2,2174,extreme,25,極端な例は良くないです。,극단,极端,KEEP
極端,2,3365,extreme,25,彼の意見はいつも極端で、なかなか合意に至らない。,극단적,极端,DISCARD
研ぐ,2,2175,sharpen,25,私は包丁を研ぐ。,갈아요,磨,KEEP
研ぐ,2,4773,to sharpen *DIFF*,25,料理の前に包丁を研ぐ。,갈다,磨,DISCARD
ぼつぼつ,2,2178,little by little,25,雨がぼつぼつ降り始めた。,조금씩,淅淅沥沥,KEEP
ぼつぼつ,2,5437,gradually *DIFF*,25,そろそろぼつぼつ仕事に取り掛かろうか。,점점,逐渐,DISCARD
ぺこぺこ,2,2181,hungry,25,おなかがぺこぺこ。,배가,肚子饿,KEEP
ぺこぺこ,2,5350,fawn *DIFF*,25,彼は上司にぺこぺこ頭を下げて、ご機嫌を取ろうとしていた。,아첨하다,巴结,DISCARD
ショック,2,2183,shock,25,テストの結果にショックを受けました。,충격을,震惊,KEEP
ショック,2,5900,shock,25,彼の突然の辞職は皆に大きなショックを与えた。,충격,震惊,DISCARD
一見,2,2186,At first glance,25,一見、彼は優しそうです。,언뜻보기에,乍一看,KEEP
一見,2,2738,unfamiliar *DIFF*,25,一見しただけでは、その複雑な機械の使い方が全く分からなかった。,낯선,陌生,DISCARD
どうやら,2,2187,Apparently,25,どうやら雨が降りそうだ。,아무래도,看来,KEEP
どうやら,2,4862,it seems like *DIFF*,25,どうやら彼はその秘密を知っているようだ。,~인 것 같다,好像,DISCARD
終日,2,2189,all day,25,今日、終日雨です。,종일,一整天,KEEP
終日,2,3951,all day,25,図書館は終日開館しています。,하루 종일,一整天,DISCARD
両立,2,2190,Balance,25,仕事と勉強を両立するのは大変です。,양립,兼顾,KEEP
両立,2,5787,compatibility *DIFF*,25,仕事と育児の両立は多くの親にとって大きな課題です。,호환성,兼容性,DISCARD
単一,2,2191,single,25,これは単一のファイルです。,단일,单一,KEEP
単一,2,4476,single,25,このシステムは単一のデータベースを使用しています。,단일,单一,DISCARD
ぶかぶか,2,2193,too big,25,この靴はぶかぶかです。,헐렁,太大,KEEP
ぶかぶか,2,5297,too big,25,子供に買った服はまだ少しぶかぶかで、来年も着られそうだ。,너무 크다,太大,DISCARD
一括,2,2195,a lump sum,25,料金を⼀括で払いました。,일괄,一次性,KEEP
一括,2,2753,all together *DIFF*,25,料金は月々の分割払いではなく、一括でお支払いいただくことも可能です。,다 같이,大家一起,DISCARD
いやに,2,2197,awfully,25,今日はいやに静かですね。,묘하게,异常,KEEP
いやに,2,2782,awfully,25,今日はなんだか、いやに静かだ。,몹시,极其,DISCARD
ボイコット,2,2198,boycott,25,その会社の商品をボイコットします。,보이콧,抵制,KEEP
ボイコット,2,5996,boycott,25,消費者は、その企業の不公正な労働慣行に抗議して製品をボイコットした。,불매운동,抵制,DISCARD
露骨,2,2199,Blatant,25,彼は露骨に嫌な顔をした。,노골,露骨,KEEP
露骨,2,5812,frank *DIFF*,25,彼の露骨な態度は皆を不快にさせた。,솔직한,坦率,DISCARD
相応,2,2205,Appropriate,25,これは彼の能力に相応しい仕事です。,상응,相称,KEEP
相応,2,4316,suitability *DIFF*,25,彼の長年の努力が、ようやく相応の成果として実を結んだ。,적합성,适用性,DISCARD
高尚,2,2206,refined,25,彼女の趣味は高尚です。,고상,高尚,KEEP
高尚,2,3587,high *DIFF*,25,彼の文学作品は常に高尚なテーマを扱っている。,높은,高,DISCARD
禁物,2,2210,no-no,25,無理は禁物です。,금물,忌讳,KEEP
禁物,2,3395,taboo *DIFF*,25,病気の時に無理をするのは禁物だ。,금기,禁忌,DISCARD
不順,2,2211,irregular,25,天気は不順です。,불순,不顺,KEEP
不順,2,5260,irregularity *DIFF*,25,今年の夏は天候が不順で、農作物への影響が心配されています。,불규칙성,不规律,DISCARD
ずらっと,2,2213,Lined up,25,本がずらっと並んでいます。,죽,整齐地排列着,KEEP
ずらっと,2,4208,in a line *DIFF*,25,店の前に新商品がずらっと並んでいた。,한 줄로,排成一列,DISCARD
昇進,2,2214,promoted,25,彼は昇進しました。,승진,升职,KEEP
昇進,2,3998,promotion *DIFF*,25,彼は長年の努力が実り、ついに部長への昇進が決まった。,승진,晋升,DISCARD
忠実,2,2215,faithful,25,犬は飼い主に忠実です。,충실,忠实,KEEP
忠実,2,4550,fidelity *DIFF*,25,彼は常に自分の信念に忠実に行動する人です。,충실,忠诚,DISCARD
指図,2,2216,ordered around,25,私はあなたに指図されたくない。,지시,指使,KEEP
指図,2,3774,instruction *DIFF*,25,上司の指図なしでは、次のステップに進めません。,지시,指示,DISCARD
品種,2,2219,variety,25,これは新しい品種のりんごです。,품종,品种,KEEP
品種,2,5218,brand *DIFF*,25,この地域では、特定の気候に適した米の品種が栽培されています。,브랜드,品牌,DISCARD
巧妙,2,2221,ingenious,25,彼らの計画は巧妙でした。,교묘,巧妙,KEEP
巧妙,2,3616,ingenious,25,その探偵は巧妙なトリックを見破り、事件を解決した。,기발한,巧妙,DISCARD
照合,2,2222,verify,25,パスワードを照合します。,대조,核对,KEEP
照合,2,3996,collation *DIFF*,25,データベースのデータを元の記録と照合するのに時間がかかりました。,대조,核对,DISCARD
突如,2,2227,suddenly,25,突如、雨が降ってきた。,갑자기,突然,KEEP
突如,2,4791,suddenly,25,彼は突如として現れ、皆を驚かせた。,갑자기,突然,DISCARD
密集,2,2230,crowded,25,人が密集しています。,빽빽하게,密集地,KEEP
密集,2,5530,crowd *DIFF*,25,都市部では人口が密集しており、住居費が高い傾向にあります。,군중,人群,DISCARD
見落とす,2,2236,overlook,25,小さい字を見落としました。,간과했습니다,忽略了,KEEP
見落とす,2,5509,to overlook *DIFF*,25,重要な詳細をうっかり見落とすことがあります。,간과하다,忽略,DISCARD
不服,2,2241,dissatisfied,25,私はその結果に不服です。,불복,不服,KEEP
不服,2,5275,dissatisfaction *DIFF*,25,彼は判決に不服を申し立てた。,불만족,不满,DISCARD
赴任,2,2242,transferred,25,私は東京に赴任します。,부임,赴任,KEEP
赴任,2,5271,(proceeding to) new appointment *DIFF*,25,彼は来月、大阪支社へ赴任します。,부임,赴任,DISCARD
獲物,2,2247,Prey,25,猫はネズミを獲物にした。,사냥감,猎物,KEEP
獲物,2,2872,game *DIFF*,25,猟師は罠で大きな獲物を捕らえた。,사냥감,猎物,DISCARD
首脳,2,2248,Leaders,25,明日、首脳会議があります。,수뇌,首脑,KEEP
首脳,2,3981,head *DIFF*,25,G7首脳会議は重要な経済問題について議論した。,대표,领导,DISCARD
素朴,2,2259,Simple,25,彼女は素朴な人です。,소박,朴素,KEEP
素朴,2,4363,simplicity *DIFF*,25,彼の素朴な人柄は多くの人々に愛されています。,단순성,简洁,DISCARD
盛り上がる,2,2262,lively,25,パーティーで盛り上がる。,고조된다,热烈,KEEP
盛り上がる,2,5642,to rouse *DIFF*,25,ライブが始まると、会場全体が一体となって盛り上がった。,불러일으키다,激起,DISCARD
賄う,2,2264,provides,25,彼は食事を賄う。,마련한다,提供,KEEP
賄う,2,5451,to give board to *DIFF*,25,大学は学生に寮と食事を賄っている。,숙식을 제공하다,提供食宿,DISCARD
契機,2,2276,Opportunity,25,留学は、日本語を勉強する良い契機になりました。,계기,契机,KEEP
契機,2,3473,opportunity,25,この失敗が、彼がより努力するようになる**契機**となった。,기회,机会,DISCARD
気まぐれ,2,2278,fickle,25,猫は気まぐれです。,변덕,任性,KEEP
気まぐれ,2,3309,whim *DIFF*,25,彼女は気まぐれな性格なので、予定がよく変わります。,변덕,心血来潮,DISCARD
所謂,2,2285,so-called,25,所謂アイドルは人気があります。,이른바,所谓的,KEEP
所謂,2,2794,the so-called *DIFF*,25,その地域は、所謂「限界集落」になりつつある。,소위,所谓,DISCARD
潤う,2,2294,moistened,25,雨で庭が潤う。,촉촉해진다,滋润,KEEP
潤う,2,2845,to be moist *DIFF*,25,乾燥した肌が化粧水で潤った。,촉촉하다,湿润,DISCARD
あくどい,2,2300,unscrupulous,25,その店のやり方はあくどい。,악랄해, மோச,KEEP
あくどい,2,2591,gaudy *DIFF*,25,彼女はあくどいデザインのアクセサリーを身につけていた。,촌스러운,俗气,DISCARD
訳がない,2,2317,no way,25,そんなこと、できる訳がない。,리가,不可能,KEEP
訳がない,2,2502,no way,25,そんなの間違っている訳がない。,리가,不可能,DISCARD
ドライ,2,2338,dry,25,彼らはとてもドライな人です。,드라이한,干燥,KEEP
ドライ,2,5956,dry,25,冬場は空気がドライになりがちなので、加湿器を使っています。,건조한,干燥,DISCARD
名札,2,2347,Name tag,25,これは私の名札です。,이름표,名牌,KEEP
名札,2,4918,name plate *DIFF*,25,子供たちは遠足で名札をつけました。,명찰,名牌,DISCARD
粗筋,2,2349,plot,25,映画の粗筋は簡単です。,줄거리,情节,KEEP
粗筋,2,2656,outline *DIFF*,25,この映画の粗筋は、夢を追いかける若者の成長を描いています。,개요,提纲,DISCARD
玄人,2,2354,professional,25,彼 は 玄人 の 職人 です。,전문가,内行,KEEP
玄人,2,3453,expert *DIFF*,25,彼はこの道の玄人なので、安心して任せられる。,전문가,专家,DISCARD
滑らか,2,2364,Smooth,25,この石鹸は肌を滑らかにします。,매끄럽게,光滑,KEEP
滑らか,2,4925,smoothness *DIFF*,25,彼女の歌声は滑らかで、聴く人を魅了する。,매끄러움,光滑,DISCARD
慌てる,2,2376,panic,25,急に電話が来て、慌てました。,당황했어요,慌,KEEP
慌てる,2,2673,to become confused (disconcerted disorganized) *DIFF*,25,電車に乗り遅れそうになって、彼は慌てた。,당황하다,慌乱,DISCARD
映える,2,2380,photogenic,25,この写真はとても映える。,예쁘게,上镜,KEEP
映える,2,5045,to shine *DIFF*,25,夕日が海に美しく映える。,빛나다,闪耀,DISCARD
申し分,2,2387,Perfect,25,このレストランの料理は申し分ありません。,흠잡을 데,无可挑剔,KEEP
申し分,2,5608,objection *DIFF*,25,彼の提案にはいくつか申し分があったので、再検討が必要だ。,이의,异议,DISCARD
抽選,2,2389,lottery,25,宝くじは抽選で決まります。,추첨,彩票,KEEP
抽選,2,4552,lottery,25,抽選の結果、彼はコンサートのチケットが当たった。,복권,彩票,DISCARD
ちやほや,2,2391,spoiled,25,弟はいつも両親にちやほやされています。,귀여움을 받습니다,娇惯,KEEP
ちやほや,2,4543,pamper *DIFF*,25,子供をちやほやしすぎるのは良くない。,애지중지하다,宠爱,DISCARD
取り立てる,2,2401,collect,25,彼は借金を取り立てる。,독촉한다,收取,KEEP
取り立てる,2,4824,to collect *DIFF*,25,彼は滞納している家賃を取り立てるために、昨日家主のところへ行った。,모으다,收集,DISCARD
厳か,2,2404,Solemn,25,結婚式は厳かに行われた。,엄숙하게,庄严,KEEP
厳か,2,2926,austere *DIFF*,25,厳かな雰囲気の中で、式典が執り行われた。,간소한,简朴,DISCARD
図る,2,2408,aim,25,成功を図る。,꾀하다,力图,KEEP
図る,2,5051,to plot *DIFF*,25,彼らは国の転覆を図った。,음모를 꾸미다,密谋,DISCARD
乱す,2,2409,messes up,25,風が髪を乱す。,헝클어뜨린다,弄乱,KEEP
乱す,2,5525,to throw out of order *DIFF*,25,彼の突然の行動が会議の進行を乱した。,흐트러뜨리다,打乱,DISCARD
漏れる,2,2410,leak,25,水が漏れる。,새고,漏,KEEP
漏れる,2,5644,to leak out *DIFF*,25,バケツの底から水が漏れている。,새다,泄漏,DISCARD
見通し,2,2424,Outlook,25,来年の経済の見通しは明るいです。,전망,前景,KEEP
見通し,2,5537,perspective *DIFF*,25,将来の見通しを立てるのは難しいが、希望を持って前に進むべきだ。,관점,视角,DISCARD
構え,2,2437,Stance,25,彼は剣道の構えをしました。,자세,架势,KEEP
構え,2,3143,posture *DIFF*,25,彼女はバレエの練習で美しい構えを披露した。,자세,姿势,DISCARD
顔付き,2,2440,expression,25,彼女は優しい顔付きをしています。,표정,脸,KEEP
顔付き,2,3052,(outward) looks *DIFF*,25,彼の真剣な顔付きから、事態の深刻さが伝わってきた。,외모,外貌,DISCARD
費やす,2,2442,spend,25,ゲームに時間を費やす。,써요,花,KEEP
費やす,2,4597,to spend *DIFF*,25,彼は研究に多くの時間を費やした。,쓰다,花,DISCARD
凝る,2,2451,stiff,25,肩が凝る。,뭉쳤어요,要特别注意,KEEP
凝る,2,3646,to congeal *DIFF*,25,傷口から流れ出た血がすぐに凝った。,응고하다,凝结,DISCARD
粉,2,2462,flour,25,これは小麦粉です。,가루,粉,KEEP
粉,2,3673,in very small pieces *DIFF*,25,この機械は穀物を粉に挽くことができます。,아주 작은 조각들로,成非常小的碎片,DISCARD
不況,2,2474,recession,25,今、日本は不況です。,불황,不景气,KEEP
不況,2,5241,recession,25,世界経済は長期的な不況に陥る可能性を秘めている。,경기 침체,经济衰退,DISCARD
くっきり,2,2489,clearly,25,富士山がくっきり見えます。,뚜렷하게,清清楚楚,KEEP
くっきり,2,3436,distinctly *DIFF*,25,今日は空気が澄んでいて、富士山がくっきり見える。,명확히,清楚地,DISCARD
腕前,2,2497,skill,25,彼の腕前はすごい。,솜씨,本领,KEEP
腕前,2,2830,ability *DIFF*,25,彼のギターの腕前はプロ並みだ。,능력,能力,DISCARD
草臥れる,2,2500,tired,25,たくさん歩いて、草臥れた。,지쳤어요,累了,KEEP
草臥れる,2,3430,to get tired *DIFF*,25,一日中農作業をしたので、すっかり草臥れてしまった。,피곤해지다,变累,DISCARD
目論見,2,2515,Plan,25,彼の計画は目論見どおりに進んだ。,계획,计划,KEEP
目論見,2,5613,a plan *DIFF*,25,彼の新しい事業の目論見は、投資家たちから大きな注目を集めている。,계획,计划,DISCARD
不景気,2,2539,recession,25,今年は不景気です。,불경기,不景气,KEEP
不景気,2,5249,business recession *DIFF*,25,世界的な不景気で、多くの企業が困難に直面しています。,경기 침체,经济衰退,DISCARD
悲惨,2,2544,Miserable,25,戦争は悲惨です。,비참,悲惨的,KEEP
悲惨,2,5172,misery *DIFF*,25,戦争は常に悲惨な結果をもたらす。,비참함,苦难,DISCARD
欠く,2,2554,lack,25,努力を欠くと、成功しません。,빠뜨리다,缺乏,KEEP
欠く,2,3060,to lack *DIFF*,25,彼には常識が欠けている。,부족하다,缺乏,DISCARD
満たす,2,2558,satisfies,25,水は私の渇きを満たす。,채워준다,满足,KEEP
満たす,2,5524,to satisfy *DIFF*,25,彼女は顧客の要望を完全に満たした。,만족시키다,满足,DISCARD
申し込み,2,2559,apply,25,イベントに申し込みます。,신청,申请,KEEP
申し込み,2,5605,application *DIFF*,25,参加の申し込みは本日までです。,신청,申请,DISCARD
著名,2,2561,Famous,25,彼は著名な作家です。,저명,著名的,KEEP
著名,2,4584,well-known *DIFF*,25,彼はその分野で著名な研究者です。,유명한,著名,DISCARD
彼方此方,2,2614,here and there,25,公園には彼方此方に季節の花が咲いている。,여기저기,这儿那儿,KEEP
彼方此方,2,2616,here and there,25,公園の彼方此方で子供たちが遊んでいる。,여기저기,到处,DISCARD
何れ,2,2720,where,25,何れの道を行けば、あの店に辿り着けますか？,어디,哪里,KEEP
何れ,2,4881,well *DIFF*,25,何れ、次のステップはどうする？,글쎄,那么,DISCARD
園,2,2877,garden (esp. man-made),25,この園には珍しい植物がたくさんある。,정원,花园,KEEP
園,2,4356,garden *DIFF*,25,この園には美しい花がたくさん咲いています。,정원,花园,DISCARD
長,2,2928,chief,25,会議には各部署の長が出席した。,수장,首长,KEEP
長,2,4896,long *DIFF*,25,この長椅子は座り心地が良い。,긴,长,DISCARD
各,2,2976,each,25,各部門は独自の目標を設定しています。,각각,每个,KEEP
各,2,4371,each,25,各参加者は、会議室で自分の席に着いてください。,각,各,DISCARD
個,2,3017,article counter,25,りんごを３個ください。,개수사,量词,KEEP
個,2,3632,individual *DIFF*,25,みかんを５個ください。,개인,个人,DISCARD
側,2,3162,side,25,川の向こう側には公園があります。,쪽,边,KEEP
側,2,3241,side,25,部屋の窓側から景色が見えます。,쪽,边,DISCARD
乾,2,3170,heaven,25,乾は天を意味し、古代中国の哲学において重要な概念である。,천국,天堂,KEEP
乾,2,5388,dried *DIFF*,25,乾季は水不足になりがちだ。,말린,干,DISCARD
館,2,3175,house,25,あの博物館は、かつて裕福な商人の館でした。,집,房子,KEEP
館,2,4434,mansion *DIFF*,25,その古い館は、長い歴史を物語っています。,저택,豪宅,DISCARD
区,2,3417,ward,25,この区は商業施設が多く、生活に便利です。,구,区,KEEP
区,2,5481,several *DIFF*,25,この区には、歴史的な建物が多く残されています。,몇몇,几个,DISCARD
種,2,3425,variety,25,このリンゴの種は珍しいです。,종류,种类,KEEP
種,2,3935,kind *DIFF*,25,この種の植物は珍しいです。,종류,种类,DISCARD
丈,2,4428,height,25,そのドレスの丈は膝上まであります。,높이,高度,KEEP
丈,2,4499,only *DIFF*,25,私はできる丈のことをした。,만,只,DISCARD
的,2,4677,#NAME?,25,彼は弓矢の的を正確に射抜いた。,#이름?,#名称?,KEEP
的,2,5484,mark *DIFF*,25,弓を引いて的に当てる。,표적,标记,DISCARD
何卒,2,4852,please,25,何卒ご理解とご協力をお願い申し上げます。,부디,请,KEEP
何卒,2,4914,please,25,何卒、本件ご検討いただけますようお願い申し上げます。,부디,请,DISCARD
何方,2,4874,which,25,この二つのうち、何方がお好みですか？,어느,哪个,KEEP
何方,2,4876,who? *DIFF*,25,会議で発表するのは何方ですか？,누구?,谁?,DISCARD
判,2,5114,seal,25,この書類にはあなたの判が必要です。,도장,印章,KEEP
判,2,5147,size (of paper or books) *DIFF*,25,この雑誌はB5判です。,판형,开本,DISCARD
